timestamp,x,y,yaw
1667309582682049036,0,0,0
1667309582807136058,0,0,0
1667309582868988037,0,0,0
1667309582931519985,0,0,0
1667309582994059085,0,0,0
1667309583056525945,0,0,0
1667309583119080066,0,0,0
1667309583181581974,0,0,0
1667309583244055986,0,0,0
1667309583306444883,0,0,0
1667309583371469974,0,0,0
1667309583431592941,0,0,0
1667309583494250059,0,0,0
1667309583556514978,0,0,0
1667309583619432926,0,0,0
1667309583681382894,0,0,0
1667309583744020938,0,0,0
1667309583806464910,0,0,0
1667309583868997097,0,0,0
1667309583931557893,0,0,0
1667309583993997097,0,0,0
1667309584056550979,0,0,0
1667309584119255065,0,0,0
1667309584181453943,0,0,0
1667309584244571924,0,0,0
1667309584306660890,0,0,0
1667309584369458913,0,0,0
1667309584431695938,0,0,0
1667309584494396924,0,0,0
1667309584556595087,0,0,0
1667309584619946002,0,0,0
1667309584681442022,0,0,0
1667309584744409084,0,0,0
1667309584807044029,0,0,0
1667309584869065999,0,0,0
1667309584931638002,0,0,0
1667309584994113922,0,0,0
1667309585056519031,0,0,0
1667309585119087934,0,0,0
1667309585181467056,0,0,0
1667309585244230031,0,0,0
1667309585306480884,0,0,0
1667309585369010925,0,0,0
1667309585431802988,0,0,0
1667309585493982076,0,0,0
1667309585556523084,0,0,0
1667309585619188070,0,0,0
1667309585681387901,0,0,0
1667309585744083881,0,0,0
1667309585806487083,0,0,0
1667309585869357109,0,0,0
1667309585933098077,0,0,0
1667309585994052886,0,0,0
1667309586056655883,0,0,0
1667309586119149923,0,0,0
1667309586181504011,0,0,0
1667309586244268894,0,0,0
1667309586306571006,0,0,0
1667309586368938922,0,0,0
1667309586431673049,0,0,0
1667309586493837118,0,0,0
1667309586557029008,0,0,0
1667309586620186090,0,0,0
1667309586681412935,0,0,0
1667309586744240045,0,0,0
1667309586806493997,0,0,0
1667309586869153976,0,0,0
1667309586931596994,0,0,0
1667309586993978977,0,0,0
1667309587056608915,0,0,0
1667309587121943950,0,0,0
1667309587181632041,0,0,0
1667309587244112968,0,0,0
1667309587306619882,0,0,0
1667309587369200944,0,0,0
1667309587431622982,0,0,0
1667309587494914054,0,0,0
1667309587619271039,0,0,0
1667309587681549072,0,0,0
1667309587744093894,0,0,0
1667309587806664943,0,0,0
1667309587931616067,0,0,0
1667309587994194984,0,0,0
1667309588056561946,0,0,0
1667309588120049953,0,0,0
1667309588244169950,0,0,0
1667309588306566953,0,0,0
1667309588370505094,0,0,0
1667309588494004964,0,0,0
1667309588556662082,0,0,0
1667309588620980978,0,0,0
1667309588744153022,0,0,0
1667309588806683063,0,0,0
1667309588869142055,0,0,0
1667309588994026899,0,0,0
1667309589056678056,0,0,0
1667309589119221925,0,0,0
1667309589244219064,0,0,0
1667309589306683063,0,0,0
1667309589371010065,0,0,0
1667309589494004964,0,0,0
1667309589556615114,0,0,0
1667309589619204998,0,0,0
1667309589681833028,0,0,0
1667309589806544065,0,0,0
1667309589869175910,0,0,0
1667309589931750059,0,0,0
1667309590060055017,0,0,0
1667309590119144916,0,0,0
1667309590181619882,0,0,0
1667309590306560993,0,0,0
1667309590369014024,0,0,0
1667309590494203090,0,0,0
1667309590556951045,0,0,0
1667309590621287107,0,0,0
1667309590681485891,0,0,0
1667309590806720972,0,0,0
1667309590869266033,0,0,0
1667309590994240045,0,0,0
1667309591056653022,0,0,0
1667309591119225978,0,0,0
1667309591244127035,0,0,0
1667309591306714057,0,0,0
1667309591369260072,0,0,0
1667309591494216918,0,0,0
1667309591556684017,0,0,0
1667309591619287967,0,0,0
1667309591744225025,0,0,0
1667309591806545019,0,0,0
1667309591869215011,0,0,0
1667309591994126081,0,0,0
1667309592056663036,0,0,0
1667309592119504928,0,0,0
1667309592244635105,0,0,0
1667309592306726932,0,0,0
1667309592369108915,0,0,0
1667309592495306968,0,0,0
1667309592557012081,0,0,0
1667309592619179964,0,0,0
1667309592681791067,0,0,0
1667309592806705951,0,0,0
1667309592869223117,0,0,0
1667309592931669950,0,0,0
1667309593057223081,0,0,0
1667309593119291067,0,0,0
1667309593244138002,0,0,0
1667309593306761026,0,0,0
1667309593431740045,0,0,0
1667309593493946075,0,0,0
1667309593556782007,0,0,0
1667309593620147943,0,0,0
1667309593681533098,0,0,0
1667309593744230985,0,0,0
1667309593806730031,0,0,0
1667309593869483947,0,0,0
1667309593931711912,0,0,0
1667309593995027065,0,0,0
1667309594057802915,0,0,0
1667309594119263887,0,0,0
1667309594181701898,0,0,0
1667309594244178056,0,0,0
1667309594306725978,0,0,0
1667309594369252920,0,0,0
1667309594431715011,0,0,0
1667309594494108915,0,0,0
1667309594556804895,0,0,0
1667309594619677066,0,0,0
1667309594683984994,0,0,0
1667309594744350910,0,0,0
1667309594806788921,0,0,0
1667309594869219064,0,0,0
1667309594931739091,0,0,0
1667309594994204044,0,0,0
1667309595056802988,0,0,0
1667309595121119976,0,0,0
1667309595181719064,0,0,0
1667309595244252920,0,0,0
1667309595306777954,0,0,0
1667309595369225978,0,0,0
1667309595431765079,0,0,0
1667309595494139909,0,0,0
1667309595556940078,0,0,0
1667309595619184017,0,0,0
1667309595681762933,0,0,0
1667309595747191905,0,0,0
1667309595806725978,0,0,0
1667309595869333028,0,0,0
1667309595931768894,0,0,0
1667309595994091033,0,0,0
1667309596057404041,0,0,0
1667309596119359970,0,0,0
1667309596181927919,0,0,0
1667309596247761964,0,0,0
1667309596306766986,0,0,0
1667309596369260072,0,0,0
1667309596431791067,0,0,0
1667309596494632005,0,0,0
1667309596557096958,0,0,0
1667309596621463060,0,0,0
1667309596681761026,0,0,0
1667309596744271039,0,0,0
1667309596806771993,0,0,0
1667309596869263887,0,0,0
1667309596931747913,0,0,0
1667309596994158029,0,0,0
1667309597056797027,0,0,0
1667309597123225927,0,0,0
1667309597181618928,0,0,0
1667309597306811094,0,0,0
1667309597369230031,0,0,0
1667309597494744062,0,0,0
1667309597556996107,0,0,0
1667309597621352910,0,0,0
1667309597744262933,0,0,0
1667309597806695938,0,0,0
1667309597869261026,0,0,0
1667309597994271993,0,0,0
1667309598056762933,0,0,0
1667309598119261980,0,0,0
1667309598181740045,0,0,0
1667309598306821107,0,0,0
1667309598369227886,0,0,0
1667309598431782960,0,0,0
1667309598494106054,0,0,0
1667309598556988000,0,0,0
1667309598619270086,0,0,0
1667309598681754112,0,0,0
1667309598744309902,0,0,0
1667309598806731939,0,0,0
1667309598869313001,0,0,0
1667309598931819915,0,0,0
1667309598994219064,0,0,0
1667309599056799888,0,0,0
1667309599119318008,0,0,0
1667309599181679010,0,0,0
1667309599244242906,0,0,0
1667309599306848049,0,0,0
1667309599369314908,0,0,0
1667309599431806087,0,0,0
1667309599494261980,0,0,0
1667309599556860923,0,0,0
1667309599620146989,0,0,0
1667309599681885004,0,0,0
1667309599744355916,0,0,0
1667309599806729078,0,0,0
1667309599869265079,0,0,0
1667309599931818962,0,0,0
1667309599994292974,0,0,0
1667309600056993007,0,0,0
1667309600119555950,0,0,0
1667309600181679964,0,0,0
1667309600248272895,0,0,0
1667309600306797981,0,0,0
1667309600369307041,0,0,0
1667309600431864023,0,0,0
1667309600494251966,0,0,0
1667309600557137012,0,0,0
1667309600619306087,0,0,0
1667309600681689977,0,0,0
1667309600744427919,0,0,0
1667309600806909084,0,0,0
1667309600869467020,0,0,0
1667309600931842088,0,0,0
1667309600994308948,0,0,0
1667309601056963920,0,0,0
1667309601119333028,0,0,0
1667309601181718111,0,0,0
1667309601244366884,0,0,0
1667309601306817054,0,0,0
1667309601369347095,0,0,0
1667309601431914091,0,0,0
1667309601494180917,0,0,0
1667309601556957006,0,0,0
1667309601620187997,0,0,0
1667309601681679010,0,0,0
1667309601746901988,0,0,0
1667309601806839942,0,0,0
1667309601870151996,0,0,0
1667309601931871891,0,0,0
1667309601994434118,0,0,0
1667309602056863069,0,0,0
1667309602119266033,0,0,0
1667309602181694984,0,0,0
1667309602244302034,0,0,0
1667309602306830883,0,0,0
1667309602371074914,0,0,0
1667309602431894063,0,0,0
1667309602494673967,0,0,0
1667309602559325933,0,0,0
1667309602620901107,0,0,0
1667309602682060956,0,0,0
1667309602744510889,0,0,0
1667309602806886911,0,0,0
1667309602869379043,0,0,0
1667309602931934118,0,0,0
1667309602994324922,0,0,0
1667309603056896924,0,0,0
1667309603126200914,0,0,0
1667309603182379961,0,0,0
1667309603244353055,0,0,0
1667309603306873083,0,0,0
1667309603369347095,0,0,0
1667309603431835889,0,0,0
1667309603494338035,0,0,0
1667309603557252883,0,0,0
1667309603619752883,0,0,0
1667309603681862115,0,0,0
1667309603806886911,0,0,0
1667309603870024919,0,0,0
1667309603931936025,0,0,0
1667309603994534969,0,0,0
1667309604122450113,0,0,0
1667309604181870937,0,0,0
1667309604244452953,0,0,0
1667309604369685888,0,0,0
1667309604431922912,0,0,0
1667309604521847009,0,0,0
1667309604622525930,0,0,0
1667309604681869029,0,0,0
1667309604746689081,0,0,0
1667309604869405031,0,0,0
1667309604931902885,0,0,0
1667309604994394063,0,0,0
1667309605059324979,0,0,0
1667309605181735992,0,0,0
1667309605244363069,0,0,0
1667309605306879043,0,0,0
1667309605369359970,0,0,0
1667309605494340896,0,0,0
1667309605556960105,0,0,0
1667309605619695901,0,0,0
1667309605744461059,0,0,0
1667309605806934118,0,0,0
1667309605869350910,0,0,0
1667309605931879997,0,0,0
1667309606056946039,0,0,0
1667309606121413946,0,0,0
1667309606181951045,0,0,0
1667309606306843996,0,0,0
1667309606369322061,0,0,0
1667309606431849002,0,0,0
1667309606494427919,0,0,0
1667309606620095014,0,0,0
1667309606681847095,0,0,0
1667309606806849002,0,0,0
1667309606869473934,0,0,0
1667309606931895017,0,0,0
1667309606994337081,0,0,0
1667309607119446039,0,0,0
1667309607181942939,0,0,0
1667309607306977033,0,0,0
1667309607369393110,0,0,0
1667309607431946039,0,0,0
1667309607494421005,0,0,0
1667309607620218992,0,0,0
1667309607681940078,0,0,0
1667309607806842088,0,0,0
1667309607869287014,0,0,0
1667309607931956052,0,0,0
1667309608056912899,0,0,0
1667309608120558977,0,0,0
1667309608181958913,0,0,0
1667309608307254076,0,0,0
1667309608372627973,0,0,0
1667309608431910037,0,0,0
1667309608494460105,0,0,0
1667309608620985984,0,0,0
1667309608682049036,0,0,0
1667309608744479894,0,0,0
1667309608869420051,0,0,0
1667309608931965112,0,0,0
1667309608994474887,0,0,0
1667309609123126983,0,0,0
1667309609181816101,0,0,0
1667309609244473934,0,0,0
1667309609369488954,0,0,0
1667309609431922912,0,0,0
1667309609494458913,0,0,0
1667309609623162984,0,0,0
1667309609682044982,0,0,0
1667309609744455099,0,0,0
1667309609806999921,0,0,0
1667309609931910991,0,0,0
1667309609994437932,0,0,0
1667309610057528972,0,0,0
1667309610181987047,0,0,0
1667309610244466066,0,0,0
1667309610369472980,0,0,0
1667309610431971073,0,0,0
1667309610494376897,0,0,0
1667309610557041883,0,0,0
1667309610681983947,0,0,0
1667309610744651079,0,0,0
1667309610806958913,0,0,0
1667309610931955099,0,0,0
1667309610994421958,0,0,0
1667309611056905984,0,0,0
1667309611182379007,0,0,0
1667309611246929883,0,0,0
1667309611307060956,0,0,0
1667309611431983947,0,0,0
1667309611494447946,0,0,0
1667309611557101011,0,0,0
1667309611619584083,0,0,0
1667309611744487047,0,0,0
1667309611806926965,0,0,0
1667309611869340896,0,0,0
1667309611932010889,0,0,0
1667309612057005882,0,0,0
1667309612120404958,0,0,0
1667309612181989908,0,0,0
1667309612307003974,0,0,0
1667309612369559049,0,0,0
1667309612432003021,0,0,0
1667309612495311021,0,0,0
1667309612619510889,0,0,0
1667309612682121992,0,0,0
1667309612744473934,0,0,0
1667309612869517087,0,0,0
1667309612932074069,0,0,0
1667309612994502067,0,0,0
1667309613057110071,0,0,0
1667309613120321989,0,0,0
1667309613182642936,0,0,0
1667309613244541883,0,0,0
1667309613307092905,0,0,0
1667309613369569063,0,0,0
1667309613432023048,0,0,0
1667309613494398117,0,0,0
1667309613557069063,0,0,0
1667309613621289014,0,0,0
1667309613682028055,0,0,0
1667309613744540929,0,0,0
1667309613806962966,0,0,0
1667309613869447946,0,0,0
1667309613933023929,0,0,0
1667309613994493007,0,0,0
1667309614057039022,0,0,0
1667309614120508909,0,0,0
1667309614181927919,0,0,0
1667309614244513034,0,0,0
1667309614307003021,0,0,0
1667309614369466066,0,0,0
1667309614432008028,0,0,0
1667309614494986057,0,0,0
1667309614557091951,0,0,0
1667309614623246908,0,0,0
1667309614682101964,0,0,0
1667309614744529008,0,0,0
1667309614806920051,0,0,0
1667309614869463920,0,0,0
1667309614931978940,0,0,0
1667309614994472026,0,0,0
1667309615057010889,0,0,0
1667309615120228052,0,0,0
1667309615181943893,0,0,0
1667309615244899034,0,0,0
1667309615306956052,0,0,0
1667309615369652986,0,0,0
1667309615432037115,0,0,0
1667309615494543075,0,0,0
1667309615557123899,0,0,0
1667309615620491981,0,0,0
1667309615682085037,0,0,0
1667309615747390031,0,0,0
1667309615807153940,0,0,0
1667309615869524955,0,0,0
1667309615932084083,0,0,0
1667309615994473934,0,0,0
1667309616057068109,0,0,0
1667309616120245933,0,0,0
1667309616182034969,0,0,0
1667309616244502067,0,0,0
1667309616307096004,0,0,0
1667309616369642972,0,0,0
1667309616432014942,0,0,0
1667309616494478940,0,0,0
1667309616557003974,0,0,0
1667309616619645118,0,0,0
1667309616682049036,0,0,0
1667309616744570016,0,0,0
1667309616807142972,0,0,0
1667309616869822978,0,0,0
1667309616932032108,0,0,0
1667309616994483947,0,0,0
1667309617057126045,0,0,0
1667309617119529962,0,0,0
1667309617182069063,0,0,0
1667309617244756937,0,0,0
1667309617307147979,0,0,0
1667309617369688034,0,0,0
1667309617432051897,0,0,0
1667309617494596004,0,0,0
1667309617557120084,0,0,0
1667309617620234012,0,0,0
1667309617681997060,0,0,0
1667309617744544029,0,0,0
1667309617806982040,0,0,0
1667309617869534015,0,0,0
1667309617935172080,0,0,0
1667309617994640111,0,0,0
1667309618057106971,0,0,0
1667309618119611024,0,0,0
1667309618182018041,0,0,0
1667309618244671106,0,0,0
1667309618307177066,0,0,0
1667309618369596958,0,0,0
1667309618432439088,0,0,0
1667309618494754076,0,0,0
1667309618557154893,0,0,0
1667309618619688987,0,0,0
1667309618682075977,0,0,0
1667309618744669914,0,0,0
1667309618807122945,0,0,0
1667309618869656085,0,0,0
1667309618932115077,0,0,0
1667309618994518041,0,0,0
1667309619057145118,0,0,0
1667309619119618892,0,0,0
1667309619244645118,0,0,0
1667309619307127952,0,0,0
1667309619369574069,0,0,0
1667309619494623899,0,0,0
1667309619557161092,0,0,0
1667309619682472944,0,0,0
1667309619745136976,0,0,0
1667309619806984901,0,0,0
1667309619870244979,0,0,0
1667309619994630098,0,0,0
1667309620057087898,0,0,0
1667309620119694948,0,0,0
1667309620182234048,0,0,0
1667309620244693040,0,0,0
1667309620307037115,0,0,0
1667309620369564056,0,0,0
1667309620432107925,0,0,0
1667309620494469881,0,0,0
1667309620557069063,0,0,0
1667309620619950056,0,0,0
1667309620681919097,0,0,0
1667309620744709014,0,0,0
1667309620807244062,0,0,0
1667309620870124101,0,0,0
1667309620932601928,0,0,0
1667309620994512081,0,0,0
1667309621057115077,0,0,0
1667309621120587110,0,0,0
1667309621182142972,0,0,0
1667309621245002985,0,0,0
1667309621307166099,0,0,0
1667309621369682073,0,0,0
1667309621432055950,0,0,0
1667309621494610071,0,0,0
1667309621557164907,0,0,0
1667309621620652914,0,0,0
1667309621682142019,0,0,0
1667309621745018005,0,0,0
1667309621807111024,0,0,0
1667309621869565963,0,0,0
1667309621932137966,0,0,0
1667309621994544982,0,0,0
1667309622057176113,0,0,0
1667309622119622945,0,0,0
1667309622182504892,0,0,0
1667309622244652032,0,0,0
1667309622307030916,0,0,0
1667309622369601011,0,0,0
1667309622432163000,0,0,0
1667309622494731903,0,0,0
1667309622557436943,0,0,0
1667309622619797945,0,0,0
1667309622682238101,0,0,0
1667309622744649887,0,0,0
1667309622807168006,0,0,0
1667309622869652032,0,0,0
1667309622935648918,0,0,0
1667309622994714021,0,0,0
1667309623057164907,0,0,0
1667309623120906114,0,0,0
1667309623182694911,0,0,0
1667309623244961023,0,0,0
1667309623307251930,0,0,0
1667309623369858980,0,0,0
1667309623432324886,0,0,0
1667309623494684934,0,0,0
1667309623557212114,0,0,0
1667309623621951103,0,0,0
1667309623682013988,0,0,0
1667309623744733095,0,0,0
1667309623807440042,0,0,0
1667309623869735956,0,0,0
1667309623932156085,0,0,0
1667309623994743108,0,0,0
1667309624057212114,0,0,0
1667309624119935989,0,0,0
1667309624182213068,0,0,0
1667309624245651006,0,0,0
1667309624307075023,0,0,0
1667309624369751930,0,0,0
1667309624432235002,0,0,0
1667309624494680881,0,0,0
1667309624557424068,0,0,0
1667309624621129035,0,0,0
1667309624682189941,0,0,0
1667309624746943950,0,0,0
1667309624807276964,0,0,0
1667309624869648933,0,0,0
1667309624994872093,0,0,0
1667309625057207107,0,0,0
1667309625121022939,0,0,0
1667309625244792938,0,0,0
1667309625307276010,0,0,0
1667309625369751930,0,0,0
1667309625494576930,0,0,0
1667309625557303905,0,0,0
1667309625682261943,0,0,0
1667309625744729995,0,0,0
1667309625809588909,0,0,0
1667309625869699001,0,0,0
1667309625994698047,0,0,0
1667309626057245969,0,0,0
1667309626182105064,0,0,0
1667309626244745016,0,0,0
1667309626307353973,0,0,0
1667309626369712114,0,0,0
1667309626494746923,0,0,0
1667309626557261943,0,0,0
1667309626682132005,0,0,0
1667309626746263027,0,0,0
1667309626807284116,0,0,0
1667309626932272911,0,0,0
1667309626994896888,0,0,0
1667309627057317972,0,0,0
1667309627182281017,0,0,0
1667309627247075080,0,0,0
1667309627307177066,0,0,0
1667309627432233095,0,0,0
1667309627495083093,0,0,0
1667309627557624101,0,0,0
1667309627682229995,0,0,0
1667309627745548009,0,0,0
1667309627807184934,0,0,0
1667309627869605064,0,0,0
1667309627932287931,0,0,0
1667309627994826078,0,0,0
1667309628057301998,0,0,0
1667309628120841026,0,0,0
1667309628182236909,0,0,0
1667309628244745016,0,0,0
1667309628869980096,0,0,0
1667309628932334899,0,0,0
1667309628994828939,0,0,0
1667309629057635068,0,0,0
1667309629119792938,0,0,0
1667309629182307958,0,0,0
1667309629244836091,0,0,0
1667309629307272911,0,0,0
1667309629369983911,0,0,0
1667309629432583093,0,0,0
1667309629494901895,0,0,0
1667309629557274103,0,0,0
1667309629619841098,0,0,0
1667309629682310104,0,0,0
1667309629744775056,0,0,0
1667309629807266950,0,0,0
1667309629869829893,0,0,0
1667309629932291984,0,0,0
1667309629994781970,0,0,0
1667309630063180923,0,0,0
1667309630122509002,0,0,0
1667309630182245969,0,0,0
1667309630244930982,0,0,0
1667309630307301998,0,0,0
1667309630369671106,0,0,0
1667309630432244062,0,0,0
1667309630494703054,0,0,0
1667309630557312965,0,0,0
1667309630619760990,0,0,0
1667309630682054042,0,0,0
1667309630745012044,0,0,0
1667309630807274103,0,0,0
1667309630869752883,0,0,0
1667309630932261943,0,0,0
1667309630994764089,0,0,0
1667309631057323932,0,0,0
1667309631120008945,0,0,0
1667309631182317972,0,0,0
1667309631244752883,0,0,0
1667309631307275056,0,0,0
1667309631369793891,0,0,0
1667309631432339906,0,0,0
1667309631494817972,0,0,0
1667309631557316064,0,0,0
1667309631620034933,0,0,0
1667309631682404041,0,0,0
1667309631745033979,0,0,0
1667309631807219028,0,0,0
1667309631869785070,0,0,0
1667309631932365894,0,0,0
1667309631994708061,0,0,0
1667309632057429075,0,0,0
1667309632123297929,0,0,0
1667309632182214021,0,0,0
1667309632246217012,0,0,0
1667309632307162046,0,0,0
1667309632369906902,0,0,0
1667309632435139894,0,0,0
1667309632494935035,0,0,0
1667309632557332038,0,0,0
1667309632620536088,0,0,0
1667309632682202100,0,0,0
1667309632746066093,0,0,0
1667309632808060884,0,0,0
1667309632869771003,0,0,0
1667309632932447910,0,0,0
1667309632994795083,0,0,0
1667309633057343959,0,0,0
1667309633123095035,0,0,0
1667309633182338953,0,0,0
1667309633244831085,0,0,0
1667309633307246923,0,0,0
1667309633369810104,0,0,0
1667309633432336091,0,0,0
1667309633494764089,0,0,0
1667309633557364940,0,0,0
1667309633619887113,0,0,0
1667309633682337999,0,0,0
1667309633745390892,0,0,0
1667309633807344913,0,0,0
1667309633869729995,0,0,0
1667309633937828063,0,0,0
1667309633994925975,0,0,0
1667309634057363986,0,0,0
1667309634120065927,0,0,0
1667309634182562112,0,0,0
1667309634244896888,0,0,0
1667309634307265996,0,0,0
1667309634369736909,0,0,0
1667309634432357072,0,0,0
1667309634494875907,0,0,0
1667309634557352066,0,0,0
1667309634619895935,0,0,0
1667309634682446002,0,0,0
1667309634744961023,0,0,0
1667309634807271957,0,0,0
1667309634869882106,0,0,0
1667309634932365894,0,0,0
1667309634994774103,0,0,0
1667309635057324886,0,0,0
1667309635120887994,0,0,0
1667309635182322025,0,0,0
1667309635245102882,0,0,0
1667309635307297945,0,0,0
1667309635369863033,0,0,0
1667309635432368993,0,0,0
1667309635495548963,0,0,0
1667309635557554006,0,0,0
1667309635619878053,0,0,0
1667309635682178020,0,0,0
1667309635746989011,0,0,0
1667309635807275056,0,0,0
1667309635869885921,0,0,0
1667309635932435989,0,0,0
1667309635994746923,0,0,0
1667309636057374954,0,0,0
1667309636119916915,0,0,0
1667309636182343959,0,0,0
1667309636244874954,0,0,0
1667309636307307004,0,0,0
1667309636371078968,0,0,0
1667309636432636022,0,0,0
1667309636494856119,0,0,0
1667309636557426929,0,0,0
1667309636619920969,0,0,0
1667309636682364940,0,0,0
1667309636744887113,0,0,0
1667309636807368993,0,0,0
1667309636869874000,0,0,0
1667309636932498931,0,0,0
1667309636994888067,0,0,0
1667309637057336091,0,0,0
1667309637123455047,0,0,0
1667309637182851076,0,0,0
1667309637244875907,0,0,0
1667309637307389020,0,0,0
1667309637369975090,0,0,0
1667309637432579040,0,0,0
1667309637494965076,0,0,0
1667309637557513952,0,0,0
1667309637619929075,0,0,0
1667309637682354927,0,0,0
1667309637745151996,0,0,0
1667309637807482004,0,0,0
1667309637869896888,0,0,0
1667309637932406902,0,0,0
1667309637994983911,0,0,0
1667309638057774066,0,0,0
1667309638119896888,0,0,0
1667309638182480096,0,0,0
1667309638244913101,0,0,0
1667309638308407068,0,0,0
1667309638370029926,0,0,0
1667309638432405948,0,0,0
1667309638494975090,0,0,0
1667309638557408094,0,0,0
1667309638620373010,0,0,0
1667309638682316064,0,0,0
1667309638745238065,0,0,0
1667309638807347059,0,0,0
1667309638869878053,0,0,0
1667309638932710886,0,0,0
1667309638994929075,0,0,0
1667309639057466983,0,0,0
1667309639120203018,0,0,0
1667309639183803081,0,0,0
1667309639245052099,0,0,0
1667309639307528972,0,0,0
1667309639369920969,0,0,0
1667309639432440996,0,0,0
1667309639494926929,0,0,0
1667309639557729005,0,0,0
1667309639620048999,0,0,0
1667309639682460069,0,0,0
1667309639745206117,0,0,0
1667309639807293891,0,0,0
1667309639869901895,0,0,0
1667309639932756900,0,0,0
1667309639994952917,0,0,0
1667309640057389974,0,0,0
1667309640120229005,0,0,0
1667309640182507991,0,0,0
1667309640244924068,0,0,0
1667309640307693004,0,0,0
1667309640369827032,0,0,0
1667309640432503938,0,0,0
1667309640494918107,0,0,0
1667309640557418107,0,0,0
1667309640621260881,0,0,0
1667309640682389974,0,0,0
1667309640745482921,0,0,0
1667309640807418107,0,0,0
1667309640869944095,0,0,0
1667309640932712078,0,0,0
1667309640995096921,0,0,0
1667309641057641029,0,0,0
1667309641120207071,0,0,0
1667309641182378053,0,0,0
1667309641244955062,0,0,0
1667309641307751893,0,0,0
1667309641369937896,0,0,0
1667309641432449102,0,0,0
1667309641494990110,0,0,0
1667309641557754993,0,0,0
1667309641621279001,0,0,0
1667309641682557106,0,0,0
1667309641745301008,0,0,0
1667309641807467937,0,0,0
1667309641869935035,0,0,0
1667309641932869911,0,0,0
1667309641994971036,0,0,0
1667309642057471990,0,0,0
1667309642121691942,0,0,0
1667309642182487964,0,0,0
1667309642245001077,0,0,0
1667309642307718038,0,0,0
1667309642371200084,0,0,0
1667309642432429075,0,0,0
1667309642496624946,0,0,0
1667309642557454109,0,0,0
1667309642620177030,0,0,0
1667309642682996034,0,0,0
1667309642745013952,0,0,0
1667309642807380914,0,0,0
1667309642870008945,0,0,0
1667309642932790040,0,0,0
1667309642995016098,0,0,0
1667309643057425022,0,0,0
1667309643120651006,0,0,0
1667309643182497024,0,0,0
1667309643245325088,0,0,0
1667309643307730913,0,0,0
1667309643369951009,0,0,0
1667309643432972908,0,0,0
1667309643495887041,0,0,0
1667309643557521104,0,0,0
1667309643622308969,0,0,0
1667309643682492971,0,0,0
1667309643745520114,0,0,0
1667309643807419061,0,0,0
1667309643870007991,0,0,0
1667309643932768106,0,0,0
1667309643994990110,0,0,0
1667309644057470083,0,0,0
1667309644121218919,0,0,0
1667309644182610988,0,0,0
1667309644245031118,0,0,0
1667309644307755947,0,0,0
1667309644370019912,0,0,0
1667309644432568073,0,0,0
1667309644495266914,0,0,0
1667309644557537078,0,0,0
1667309644620058059,0,0,0
1667309644682524919,0,0,0
1667309644745220899,0,0,0
1667309644807517051,0,0,0
1667309644869985103,0,0,0
1667309644932774066,0,0,0
1667309644994930982,0,0,0
1667309645057375907,0,0,0
1667309645120259046,0,0,0
1667309645182502031,0,0,0
1667309645245007038,0,0,0
1667309645307809114,0,0,0
1667309645369986057,0,0,0
1667309645432523965,0,0,0
1667309645495099067,0,0,0
1667309645557663917,0,0,0
1667309645620172023,0,0,0
1667309645682558059,0,0,0
1667309645745208978,0,0,0
1667309645807414054,0,0,0
1667309645869957923,0,0,0
1667309645932768106,0,0,0
1667309645995567083,0,0,0
1667309646058048963,0,0,0
1667309646120726108,0,0,0
1667309646182497978,0,0,0
1667309646247170925,0,0,0
1667309646307662963,0,0,0
1667309646370017051,0,0,0
1667309646432496070,0,0,0
1667309646495054006,0,0,0
1667309646558013916,0,0,0
1667309646619999885,0,0,0
1667309646682563066,0,0,0
1667309646748060941,0,0,0
1667309646807463884,0,0,0
1667309646870017051,0,0,0
1667309646932836055,0,0,0
1667309646995044946,0,0,0
1667309647057595968,0,0,0
1667309647120598077,0,0,0
1667309647182492017,0,0,0
1667309647245093107,0,0,0
1667309647307645082,0,0,0
1667309647369992971,0,0,0
1667309647432651042,0,0,0
1667309647495039939,0,0,0
1667309647557816028,0,0,0
1667309647623230934,0,0,0
1667309647682842969,0,0,0
1667309647745243072,0,0,0
1667309647807573080,0,0,0
1667309647870102882,0,0,0
1667309647933474063,0,0,0
1667309647995429992,0,0,0
1667309648057508945,0,0,0
1667309648120348930,0,0,0
1667309648182854890,0,0,0
1667309648246052980,0,0,0
1667309648307898044,0,0,0
1667309648370080947,0,0,0
1667309648432600021,0,0,0
1667309648495150089,0,0,0
1667309648557838916,0,0,0
1667309648620189905,0,0,0
1667309648682574987,0,0,0
1667309648745135068,0,0,0
1667309648807503938,0,0,0
1667309648870256900,0,0,0
1667309648932830095,0,0,0
1667309648995102882,0,0,0
1667309649057600975,0,0,0
1667309649120322942,0,0,0
1667309649182503938,0,0,0
1667309649245244026,0,0,0
1667309649307832002,0,0,0
1667309649370050907,0,0,0
1667309649432591915,0,0,0
1667309649495106935,0,0,0
1667309649558084964,0,0,0
1667309649620146036,0,0,0
1667309649682713985,0,0,0
1667309649745095014,0,0,0
1667309649807624101,0,0,0
1667309649870002031,0,0,0
1667309649932862997,0,0,0
1667309649994982957,0,0,0
1667309650057591915,0,0,0
1667309650120558977,0,0,0
1667309650182635068,0,0,0
1667309650245593070,0,0,0
1667309650307693004,0,0,0
1667309650370063066,0,0,0
1667309650432548046,0,0,0
1667309650495246887,0,0,0
1667309650557677984,0,0,0
1667309650620107889,0,0,0
1667309650682692050,0,0,0
1667309650746654033,0,0,0
1667309650807583093,0,0,0
1667309650870282888,0,0,0
1667309650932898044,0,0,0
1667309650995158910,0,0,0
1667309651057594060,0,0,0
1667309651120338916,0,0,0
1667309651182663917,0,0,0
1667309651245125055,0,0,0
1667309651307758092,0,0,0
1667309651370068073,0,0,0
1667309651432822942,0,0,0
1667309651495084047,0,0,0
1667309651557909011,0,0,0
1667309651621042013,0,0,0
1667309651682641029,0,0,0
1667309651745152950,0,0,0
1667309651807574987,0,0,0
1667309651870105028,0,0,0
1667309651934465885,0,0,0
1667309651995053052,0,0,0
1667309652057646989,0,0,0
1667309652122015953,0,0,0
1667309652182681083,0,0,0
1667309652245177030,0,0,0
1667309652307882070,0,0,0
1667309652370173931,0,0,0
1667309652432653903,0,0,0
1667309652495300054,0,0,0
1667309652557605028,0,0,0
1667309652621388912,0,0,0
1667309652682883977,0,0,0
1667309652745690107,0,0,0
1667309652807487964,0,0,0
1667309652870109081,0,0,0
1667309652932929039,0,0,0
1667309652995064973,0,0,0
1667309653057661056,0,0,0
1667309653120428085,0,0,0
1667309653182658910,0,0,0
1667309653245095968,0,0,0
1667309653307919979,0,0,0
1667309653370217084,0,0,0
1667309653432600975,0,0,0
1667309653495302915,0,0,0
1667309653559009075,0,0,0
1667309653620151042,0,0,0
1667309653682749986,0,0,0
1667309653745546102,0,0,0
1667309653807670116,0,0,0
1667309653870161056,0,0,0
1667309653932931900,0,0,0
1667309653995414972,0,0,0
1667309654057765007,0,0,0
1667309654120377063,0,0,0
1667309654182878017,0,0,0
1667309654245151996,0,0,0
1667309654307754993,0,0,0
1667309654370469093,0,0,0
1667309654432786941,0,0,0
1667309654495398044,0,0,0
1667309654557677984,0,0,0
1667309654623034954,0,0,0
1667309654682843923,0,0,0
1667309654745122909,0,0,0
1667309654807660102,0,0,0
1667309654870332956,0,0,0
1667309654934966087,0,0,0
1667309654995167016,0,0,0
1667309655057614088,0,0,0
1667309655120496988,0,0,0
1667309655182719945,0,0,0
1667309655245287895,0,0,0
1667309655307751893,0,0,0
1667309655370167970,0,0,0
1667309655432961940,0,0,0
1667309655498797893,0,0,0
1667309655557742118,0,0,0
1667309655620182991,0,0,0
1667309655682699918,0,0,0
1667309655745459079,0,0,0
1667309655807658910,0,0,0
1667309655870140075,0,0,0
1667309655933581113,0,0,0
1667309655995102882,0,0,0
1667309656057813882,0,0,0
1667309656120791912,0,0,0
1667309656182729005,0,0,0
1667309656245372056,0,0,0
1667309656307825088,0,0,0
1667309656370085000,0,0,0
1667309656432720899,0,0,0
1667309656495304107,0,0,0
1667309656557739019,0,0,0
1667309656620342969,0,0,0
1667309656682652950,0,0,0
1667309656745460033,0,0,0
1667309656807544946,0,0,0
1667309656870170116,0,0,0
1667309656932960033,0,0,0
1667309656995157957,0,0,0
1667309657057621002,0,0,0
1667309657123168945,0,0,0
1667309657182677984,0,0,0
1667309657245160102,0,0,0
1667309657307807922,0,0,0
1667309657370243072,0,0,0
1667309657432694911,0,0,0
1667309657498265027,0,0,0
1667309657557686090,0,0,0
1667309657622517108,0,0,0
1667309657684039115,0,0,0
1667309657745233058,0,0,0
1667309657807698965,0,0,0
1667309657870237112,0,0,0
1667309657933115005,0,0,0
1667309657995570898,0,0,0
1667309658057972908,0,0,0
1667309658120495080,0,0,0
1667309658182848930,0,0,0
1667309658245732069,0,0,0
1667309658308005094,0,0,0
1667309658370233058,0,0,0
1667309658432750940,0,0,0
1667309658495328903,0,0,0
1667309658558016061,0,0,0
1667309658620218038,0,0,0
1667309658682910919,0,0,0
1667309658745186090,0,0,0
1667309658807590007,0,0,0
1667309658870246887,0,0,0
1667309658932995080,0,0,0
1667309658995243072,0,0,0
1667309659057775974,0,0,0
1667309659120476961,0,0,0
1667309659182775974,0,0,0
1667309659245234966,0,0,0
1667309659307869911,0,0,0
1667309659370206117,0,0,0
1667309659432708978,0,0,0
1667309659495353937,0,0,0
1667309659557816028,0,0,0
1667309659621087074,0,0,0
1667309659683020114,0,0,0
1667309659745228052,0,0,0
1667309659807579040,0,0,0
1667309659870277881,0,0,0
1667309659933072090,0,0,0
1667309659995197057,0,0,0
1667309660057723999,0,0,0
1667309660120963096,0,0,0
1667309660182924985,0,0,0
1667309660245235919,0,0,0
1667309660307986974,0,0,0
1667309660370287895,0,0,0
1667309660433087110,0,0,0
1667309660495398998,0,0,0
1667309660557710886,0,0,0
1667309660620309114,0,0,0
1667309660682867050,0,0,0
1667309660746474981,0,0,0
1667309660807692050,0,0,0
1667309660870156049,0,0,0
1667309660935055017,0,0,0
1667309660995245933,0,0,0
1667309661057774066,0,0,0
1667309661120512008,0,0,0
1667309661182765960,0,0,0
1667309661245229005,0,0,0
1667309661307862043,0,0,0
1667309661370275020,0,0,0
1667309661434545040,0,0,0
1667309661495326042,0,0,0
1667309661558083057,0,0,0
1667309661620234966,0,0,0
1667309661682809114,0,0,0
1667309661745531082,0,0,0
1667309661807790040,0,0,0
1667309661870222091,0,0,0
1667309661933031082,0,0,0
1667309661995260953,0,0,0
1667309662057678937,0,0,0
1667309662121040105,0,0,0
1667309662183171033,0,0,0
1667309662245471000,0,0,0
1667309662308213949,0,0,0
1667309662374346971,0,0,0
1667309662432724952,0,0,0
1667309662499315977,0,0,0
1667309662558100938,0,0,0
1667309662620295047,0,0,0
1667309662682853937,0,0,0
1667309662745491981,0,0,0
1667309662807703018,0,0,0
1667309662870179891,0,0,0
1667309662933145999,0,0,0
1667309662995564937,0,0,0
1667309663058007001,0,0,0
1667309663123130083,0,0,0
1667309663182935953,0,0,0
1667309663245335102,0,0,0
1667309663308001041,0,0,0
1667309663370543956,0,0,0
1667309663432945966,0,0,0
1667309663495496988,0,0,0
1667309663557801008,0,0,0
1667309663620249032,0,0,0
1667309663682801008,0,0,0
1667309663745564937,0,0,0
1667309663807708024,0,0,0
1667309663870263099,0,0,0
1667309663933063030,0,0,0
1667309663995305061,0,0,0
1667309664057775974,0,0,0
1667309664120528936,0,0,0
1667309664182842969,0,0,0
1667309664247443914,0,0,0
1667309664308015108,0,0,0
1667309664370765924,0,0,0
1667309664433083057,0,0,0
1667309664495904922,0,0,0
1667309664557832956,0,0,0
1667309664620348930,0,0,0
1667309664682979106,0,0,0
1667309664746809005,0,0,0
1667309664808114051,0,0,0
1667309664870246887,0,0,0
1667309664933144092,0,0,0
1667309664995281934,0,0,0
1667309665057794094,0,0,0
1667309665120644092,0,0,0
1667309665182957887,0,0,0
1667309665245358943,0,0,0
1667309665308276891,0,0,0
1667309665370382070,0,0,0
1667309665433049917,0,0,0
1667309665495546102,0,0,0
1667309665557857990,0,0,0
1667309665620409965,0,0,0
1667309665682921886,0,0,0
1667309665745373010,0,0,0
1667309665807933092,0,0,0
1667309665870572090,0,0,0
1667309665934176921,0,0,0
1667309665995343923,0,0,0
1667309666057890892,0,0,0
1667309666120605945,0,0,0
1667309666182786941,0,0,0
1667309666246001005,0,0,0
1667309666308095932,0,0,0
1667309666370378017,0,0,0
1667309666433948040,0,0,0
1667309666495352983,0,0,0
1667309666557893991,0,0,0
1667309666620443105,0,0,0
1667309666682912111,0,0,0
1667309666745917081,0,0,0
1667309666811372995,0,0,0
1667309666870357990,0,0,0
1667309666940047979,0,0,0
1667309666995398998,0,0,0
1667309667057835102,0,0,0
1667309667120702981,0,0,0
1667309667182866096,0,0,0
1667309667245336055,0,0,0
1667309667307950973,0,0,0
1667309667370366096,0,0,0
1667309667432832956,0,0,0
1667309667495656967,0,0,0
1667309667557936906,0,0,0
1667309667620438098,0,0,0
1667309667683967113,0,0,0
1667309667745718955,0,0,0
1667309667807905912,0,0,0
1667309667870955944,0,0,0
1667309667933213949,0,0,0
1667309667995531082,0,0,0
1667309668057858943,0,0,0
1667309668120605945,0,0,0
1667309668183020114,0,0,0
1667309668245454072,0,0,0
1667309668308207035,0,0,0
1667309668370464086,0,0,0
1667309668432917118,0,0,0
1667309668495498895,0,0,0
1667309668557956933,0,0,0
1667309668620745897,0,0,0
1667309668682825088,0,0,0
1667309668745440959,0,0,0
1667309668807904958,0,0,0
1667309668870376110,0,0,0
1667309668933131933,0,0,0
1667309668995378971,0,0,0
1667309669058310031,0,0,0
1667309669120656967,0,0,0
1667309669182897090,0,0,0
1667309669245381116,0,0,0
1667309669308089971,0,0,0
1667309669370417118,0,0,0
1667309669432998895,0,0,0
1667309669495439052,0,0,0
1667309669558186054,0,0,0
1667309669623123884,0,0,0
1667309669682981967,0,0,0
1667309669745798110,0,0,0
1667309669807836055,0,0,0
1667309669870362997,0,0,0
1667309669933178901,0,0,0
1667309669995417118,0,0,0
1667309670057874917,0,0,0
1667309670120826005,0,0,0
1667309670183037996,0,0,0
1667309670245435953,0,0,0
1667309670308080911,0,0,0
1667309670370410919,0,0,0
1667309670433542966,0,0,0
1667309670495446920,0,0,0
1667309670558182954,0,0,0
1667309670620599031,0,0,0
1667309670682940959,0,0,0
1667309670745683908,0,0,0
1667309670808248043,0,0,0
1667309670933433055,0,0,0
1667309670995454072,0,0,0
1667309671120687961,0,0,0
1667309671183168888,0,0,0
1667309671245485067,0,0,0
1667309671308026075,0,0,0
1667309671432892084,0,0,0
1667309671495433092,0,0,0
1667309671557851076,0,0,0
1667309671620383977,0,0,0
1667309671746048927,0,0,0
1667309671807837009,0,0,0
1667309671870470046,0,0,0
1667309671935754060,0,0,0
1667309671995497941,0,0,0
1667309672057950019,0,0,0
1667309672121798038,0,0,0
1667309672182914972,0,0,0
1667309672245898962,0,0,0
1667309672308233022,0,0,0
1667309672370487928,0,0,0
1667309672432956933,0,0,0
1667309672495673894,0,0,0
1667309672558271884,0,0,0
1667309672620537042,0,0,0
1667309672683336973,0,0,0
1667309672746123075,0,0,0
1667309672808000087,0,0,0
1667309672870526075,0,0,0
1667309672933645963,0,0,0
1667309672995599985,0,0,0
1667309673057966947,0,0,0
1667309673120970964,0,0,0
1667309673183350086,0,0,0
1667309673246228933,0,0,0
1667309673308312892,0,0,0
1667309673370485067,0,0,0
1667309673433435916,0,0,0
1667309673495449066,0,0,0
1667309673561427116,0,0,0
1667309673620949983,0,0,0
1667309673683039903,0,0,0
1667309673745714902,0,0,0
1667309673807883024,0,0,0
1667309673870414972,0,0,0
1667309673933549880,0,0,0
1667309673995500087,0,0,0
1667309674058141946,0,0,0
1667309674120759963,0,0,0
1667309674182977914,0,0,0
1667309674245507955,0,0,0
1667309674308156967,0,0,0
1667309674370551109,0,0,0
1667309674432996988,0,0,0
1667309674499296903,0,0,0
1667309674560417890,0,0,0
1667309674620455980,0,0,0
1667309674690424919,0,0,0
1667309674745750904,0,0,0
1667309674807981967,0,0,0
1667309674870541095,0,0,0
1667309674933206081,0,0,0
1667309674996155977,0,0,0
1667309675057945013,0,0,0
1667309675120692968,0,0,0
1667309675183069944,0,0,0
1667309675246190071,0,0,0
1667309675308130979,0,0,0
1667309675370469093,0,0,0
1667309675433243036,0,0,0
1667309675495984077,0,0,0
1667309675558123111,0,0,0
1667309675620446920,0,0,0
1667309675683044910,0,0,0
1667309675745857000,0,0,0
1667309675808528900,0,0,0
1667309675871153116,0,0,0
1667309675933285951,0,0,0
1667309675995942115,0,0,0
1667309676058001041,0,0,0
1667309676121049880,0,0,0
1667309676183065891,0,0,0
1667309676245579004,0,0,0
1667309676308322906,0,0,0
1667309676370491027,0,0,0
1667309676433034896,0,0,0
1667309676496028900,0,0,0
1667309676558013916,0,0,0
1667309676620521068,0,0,0
1667309676684607028,0,0,0
1667309676745907068,0,0,0
1667309676808099985,0,0,0
1667309676870722055,0,0,0
1667309676933265924,0,0,0
1667309676995474100,0,0,0
1667309677057950973,0,0,0
1667309677123087882,0,0,0
1667309677183168888,0,0,0
1667309677245567083,0,0,0
1667309677308461904,0,0,0
1667309677433056116,0,0,0
1667309677495759010,0,0,0
1667309677558319091,0,0,0
1667309677683070898,0,0,0
1667309677745800971,0,0,0
1667309677808012008,0,0,0
1667309677870490074,0,0,0
1667309677933568000,0,0,0
1667309677997622966,0,0,0
1667309678058044910,0,0,0
1667309678120893001,0,0,0
1667309678183033943,0,0,0
1667309678246081113,0,0,0
1667309678308665990,0,0,0
1667309678370511054,0,0,0
1667309678433065891,0,0,0
1667309678495667934,0,0,0
1667309678558073997,0,0,0
1667309678620554924,0,0,0
1667309678683147907,0,0,0
1667309678745786905,0,0,0
1667309678808135032,0,0,0
1667309678870616912,0,0,0
1667309678933361053,0,0,0
1667309678995614051,0,0,0
1667309679063205003,0,0,0
1667309679120826005,0,0,0
1667309679183022975,0,0,0
1667309679245557069,0,0,0
1667309679308306932,0,0,0
1667309679370618104,0,0,0
1667309679433163881,0,0,0
1667309679495676994,0,0,0
1667309679558768033,0,0,0
1667309679620573043,0,0,0
1667309679683175086,0,0,0
1667309679746619939,0,0,0
1667309679808135986,0,0,0
1667309679870716094,0,0,0
1667309679933370113,0,0,0
1667309679995815038,0,0,0
1667309680058222055,0,0,0
1667309680120955944,0,0,0
1667309680184477090,0,0,0
1667309680245716094,0,0,0
1667309680308504104,0,0,0
1667309680370672941,0,0,0
1667309680433414936,0,0,0
1667309680496440887,0,0,0
1667309680558468103,0,0,0
1667309680620630979,0,0,0
1667309680683155059,0,0,0
1667309680745868921,0,0,0
1667309680808160066,0,0,0
1667309680870985984,0,0,0
1667309680933334112,0,0,0
1667309680995611906,0,0,0
1667309681058135032,0,0,0
1667309681122368097,0,0,0
1667309681183396100,0,0,0
1667309681245644092,0,0,0
1667309681308394908,0,0,0
1667309681370654106,0,0,0
1667309681433171987,0,0,0
1667309681495768070,0,0,0
1667309681558141946,0,0,0
1667309681620707035,0,0,0
1667309681683058977,0,0,0
1667309681747842073,0,0,0
1667309681807992935,0,0,0
1667309681870719909,0,0,0
1667309681933399915,0,0,0
1667309681995630979,0,0,0
1667309682058130025,0,0,0
1667309682122740983,0,0,0
1667309682183176040,0,0,0
1667309682245698928,0,0,0
1667309682308397054,0,0,0
1667309682370668888,0,0,0
1667309682433149099,0,0,0
1667309682524544954,0,0,0
1667309682558240890,0,0,0
1667309682620620965,0,0,0
1667309682683254957,0,0,0
1667309682745913982,0,0,0
1667309682808130025,0,0,0
1667309682870978116,0,0,0
1667309682933505058,0,0,0
1667309682995655059,0,0,0
1667309683120903015,0,0,0
1667309683183160066,0,0,0
1667309683245781898,0,0,0
1667309683308341026,0,0,0
1667309683433271884,0,0,0
1667309683495645046,0,0,0
1667309683558942079,0,0,0
1667309683620660066,0,0,0
1667309683746006965,0,0,0
1667309683808034896,0,0,0
1667309683870685100,0,0,0
1667309683996579885,0,0,0
1667309684058130025,0,0,0
1667309684120906114,0,0,0
1667309684183187007,0,0,0
1667309684250134944,0,0,0
1667309684308445930,0,0,0
1667309684371184110,0,0,0
1667309684433517932,0,0,0
1667309684495769977,0,0,0
1667309684558253049,0,0,0
1667309684620866060,0,0,0
1667309684683115005,0,0,0
1667309684745857000,0,0,0
1667309684808214902,0,0,0
1667309684870564937,0,0,0
1667309684933590888,0,0,0
1667309684995656013,0,0,0
1667309685059669971,0,0,0
1667309685120937108,0,0,0
1667309685183305025,0,0,0
1667309685245629072,0,0,0
1667309685308365106,0,0,0
1667309685370682001,0,0,0
1667309685436604976,0,0,0
1667309685496134042,0,0,0
1667309685558415889,0,0,0
1667309685621273994,0,0,0
1667309685683531999,0,0,0
1667309685745992898,0,0,0
1667309685808116912,0,0,0
1667309685870691061,0,0,0
1667309685939625024,0,0,0
1667309685995656967,0,0,0
1667309686058135986,0,0,0
1667309686120989084,0,0,0
1667309686183103084,0,0,0
1667309686245654106,0,0,0
1667309686308242082,0,0,0
1667309686371130943,0,0,0
1667309686433125972,0,0,0
1667309686495568037,0,0,0
1667309686558413028,0,0,0
1667309686620676040,0,0,0
1667309686683047056,0,0,0
1667309686745951890,0,0,0
1667309686808038949,0,0,0
1667309686870744943,0,0,0
1667309686933736085,0,0,0
1667309686995699882,0,0,0
1667309687058204889,0,0,0
1667309687120922088,0,0,0
1667309687185389041,0,0,0
1667309687245713949,0,0,0
1667309687308628082,0,0,0
1667309687370773077,0,0,0
1667309687433270931,0,0,0
1667309687495784044,0,0,0
1667309687558233976,0,0,0
1667309687620731115,0,0,0
1667309687683291912,0,0,0
1667309687746048927,0,0,0
1667309687808171987,0,0,0
1667309687870713949,0,0,0
1667309687933478116,0,0,0
1667309687996834993,0,0,0
1667309688058300971,0,0,0
1667309688121129035,0,0,0
1667309688184971094,0,0,0
1667309688245743989,0,0,0
1667309688308511018,0,0,0
1667309688370845079,0,0,0
1667309688433588981,0,0,0
1667309688495790958,0,0,0
1667309688559154987,0,0,0
1667309688620731115,0,0,0
1667309688683285951,0,0,0
1667309688748558998,0,0,0
1667309688808198928,0,0,0
1667309688871253967,0,0,0
1667309688933578014,0,0,0
1667309688995686054,0,0,0
1667309689058190107,0,0,0
1667309689120984077,0,0,0
1667309689183178901,0,0,0
1667309689246455907,0,0,0
1667309689308666944,0,0,0
1667309689371584892,0,0,0
1667309689496586084,0,0,0
1667309689558253049,0,0,0
1667309689620668888,0,0,0
1667309689745939970,0,0,0
1667309689808144092,0,0,0
1667309689870810985,0,0,0
1667309689933417081,0,0,0
1667309690058242082,0,0,0
1667309690121114969,0,0,0
1667309690183443069,0,0,0
1667309690308542013,0,0,0
1667309690370821952,0,0,0
1667309690433257102,0,0,0
1667309690558548927,0,0,0
1667309690620707035,0,0,0
1667309690683387041,0,0,0
1667309690808661937,0,0,0
1667309690870770931,0,0,0
1667309690933511972,0,0,0
1667309691060959100,0,0,0
1667309691121022939,0,0,0
1667309691183166980,0,0,0
1667309691246016025,0,0,0
1667309691371047019,0,0,0
1667309691433283090,0,0,0
1667309691495707035,0,0,0
1667309691620820045,0,0,0
1667309691683197021,0,0,0
1667309691746072053,0,0,0
1667309691870668888,0,0,0
1667309691933501005,0,0,0
1667309691995800971,0,0,0
1667309692058227062,0,0,0
1667309692120995998,0,0,0
1667309692183228969,0,0,0
1667309692247333049,0,0,0
1667309692308492898,0,0,0
1667309692370887994,0,0,0
1667309692433281898,0,0,0
1667309692497212886,0,0,0
1667309692558317899,0,0,0
1667309692620794057,0,0,0
1667309692683984041,0,0,0
1667309692745990991,0,0,0
1667309692808145046,0,0,0
1667309692870968103,0,0,0
1667309692933499097,0,0,0
1667309692995635986,0,0,0
1667309693058306932,0,0,0
1667309693121797084,0,0,0
1667309693183897972,0,0,0
1667309693247303962,0,0,0
1667309693308592081,0,0,0
1667309693370834112,0,0,0
1667309693433356046,0,0,0
1667309693496102094,0,0,0
1667309693558298110,0,0,0
1667309693620910882,0,0,0
1667309693683207035,0,0,0
1667309693746134996,0,0,0
1667309693808374881,0,0,0
1667309693870774984,0,0,0
1667309693933552026,0,0,0
1667309693995667934,0,0,0
1667309694058279991,0,0,0
1667309694121082067,0,0,0
1667309694183269977,0,0,0
1667309694245799064,0,0,0
1667309694308388948,0,0,0
1667309694370783090,0,0,0
1667309694433371067,0,0,0
1667309694495903015,0,0,0
1667309694558744907,0,0,0
1667309694620951890,0,0,0
1667309694683325052,0,0,0
1667309694746030092,0,0,0
1667309694808286905,0,0,0
1667309694870798110,0,0,0
1667309694933685064,0,0,0
1667309694995785951,0,0,0
1667309695058352947,0,0,0
1667309695121139049,0,0,0
1667309695188206911,0,0,0
1667309695245847940,0,0,0
1667309695308521032,0,0,0
1667309695370830059,0,0,0
1667309695433355093,0,0,0
1667309695495737075,0,0,0
1667309695559956073,0,0,0
1667309695620811939,0,0,0
1667309695683222055,0,0,0
1667309695746098041,0,0,0
1667309695808244943,0,0,0
1667309695870930910,0,0,0
1667309695933592081,0,0,0
1667309695995867967,0,0,0
1667309696058410882,0,0,0
1667309696121174097,0,0,0
1667309696183377981,0,0,0
1667309696248589992,0,0,0
1667309696308815956,0,0,0
1667309696370841979,0,0,0
1667309696435095071,0,0,0
1667309696495801925,0,0,0
1667309696558686971,0,0,0
1667309696620763063,0,0,0
1667309696683362960,0,0,0
1667309696746133089,0,0,0
1667309696808401107,0,0,0
1667309696870945930,0,0,0
1667309696933712005,0,0,0
1667309696995928049,0,0,0
1667309697058307886,0,0,0
1667309697121181011,0,0,0
1667309697183619022,0,0,0
1667309697245934009,0,0,0
1667309697371160984,0,0,0
1667309697433860063,0,0,0
1667309697496151924,0,0,0
1667309697558377027,0,0,0
1667309697684510946,0,0,0
1667309697746088027,0,0,0
1667309697808341026,0,0,0
1667309697936345100,0,0,0
1667309697995754003,0,0,0
1667309698058316946,0,0,0
1667309698122869968,0,0,0
1667309698246021986,0,0,0
1667309698308490037,0,0,0
1667309698370917081,0,0,0
1667309698495811939,0,0,0
1667309698558413982,0,0,0
1667309698620912075,0,0,0
1667309698746107101,0,0,0
1667309698808322906,0,0,0
1667309698870946884,0,0,0
1667309698933681964,0,0,0
1667309699058402061,0,0,0
1667309699121247053,0,0,0
1667309699183682918,0,0,0
1667309699308479070,0,0,0
1667309699370913028,0,0,0
1667309699433371067,0,0,0
1667309699495896100,0,0,0
1667309699558377981,0,0,0
1667309699621329069,0,0,0
1667309699683403968,0,0,0
1667309699750996112,0,0,0
1667309699808314085,0,0,0
1667309699870901107,0,0,0
1667309699933665990,0,0,0
1667309699995919942,0,0,0
1667309700058377981,0,0,0
1667309700121742010,0,0,0
1667309700183430910,0,0,0
1667309700249521017,0,0,0
1667309700308722972,0,0,0
1667309700373895883,0,0,0
1667309700433803081,0,0,0
1667309700496033906,0,0,0
1667309700558978080,0,0,0
1667309700621217012,0,0,0
1667309700683417081,0,0,0
1667309700746184110,0,0,0
1667309700808244943,0,0,0
1667309700870935916,0,0,0
1667309700935698986,0,0,0
1667309700995868921,0,0,0
1667309701058475017,0,0,0
1667309701121284008,0,0,0
1667309701183281898,0,0,0
1667309701245979070,0,0,0
1667309701308510065,0,0,0
1667309701370929956,0,0,0
1667309701433439016,0,0,0
1667309701495963096,0,0,0
1667309701558545112,0,0,0
1667309701620942115,0,0,0
1667309701683979988,0,0,0
1667309701746320962,0,0,0
1667309701808429002,0,0,0
1667309701870999097,0,0,0
1667309701935012102,0,0,0
1667309701995765924,0,0,0
1667309702059020042,0,0,0
1667309702121515035,0,0,0
1667309702183459997,0,0,0
1667309702245909929,0,0,0
1667309702308725118,0,0,0
1667309702371109962,0,0,0
1667309702433474063,0,0,0
1667309702496134996,0,0,0
1667309702558388948,0,0,0
1667309702620913982,0,0,0
1667309702685410976,0,0,0
1667309702745943069,0,0,0
1667309702808327913,0,0,0
1667309702870964050,0,0,0
1667309702933701038,0,0,0
1667309702995948076,0,0,0
1667309703058422088,0,0,0
1667309703121433973,0,0,0
1667309703183507919,0,0,0
1667309703246001005,0,0,0
1667309703308568000,0,0,0
1667309703371113061,0,0,0
1667309703434082984,0,0,0
1667309703496433973,0,0,0
1667309703558576107,0,0,0
1667309703621007919,0,0,0
1667309703683384895,0,0,0
1667309703746254920,0,0,0
1667309703808449983,0,0,0
1667309703871023893,0,0,0
1667309703933718919,0,0,0
1667309703995896100,0,0,0
1667309704058469057,0,0,0
1667309704121824026,0,0,0
1667309704183423995,0,0,0
1667309704245955944,0,0,0
1667309704308677911,0,0,0
1667309704371001958,0,0,0
1667309704435192108,0,0,0
1667309704496105909,0,0,0
1667309704558530092,0,0,0
1667309704620898962,0,0,0
1667309704685350894,0,0,0
1667309704747482061,0,0,0
1667309704808320045,0,0,0
1667309704871093034,0,0,0
1667309704933692932,0,0,0
1667309704995927095,0,0,0
1667309705058455944,0,0,0
1667309705121314048,0,0,0
1667309705184003114,0,0,0
1667309705246370077,0,0,0
1667309705308692932,0,0,0
1667309705371229887,0,0,0
1667309705433536052,0,0,0
1667309705496617078,0,0,0
1667309705621020078,0,0,0
1667309705684195995,0,0,0
1667309705746000051,0,0,0
1667309705870899915,0,0,0
1667309705933783054,0,0,0
1667309705995995044,0,0,0
1667309706058490037,0,0,0
1667309706183614015,0,0,0
1667309706246009111,0,0,0
1667309706308749914,0,0,0
1667309706434050083,0,0,0
1667309706496231079,0,0,0
1667309706558720111,0,0,0
1667309706621002912,0,0,0
1667309706751152992,0,0,0
1667309706808501958,0,0,0
1667309706871001005,0,0,0
1667309706933748006,0,0,0
1667309707060350894,0,0,0
1667309707121361970,0,0,0
1667309707183413028,0,0,0
1667309707308633089,0,0,0
1667309707371032953,0,0,0
1667309707434958934,0,0,0
1667309707558784961,0,0,0
1667309707621049880,0,0,0
1667309707684329986,0,0,0
1667309707746495962,0,0,0
1667309707871026039,0,0,0
1667309707934010982,0,0,0
1667309707996268987,0,0,0
1667309708058489084,0,0,0
1667309708121342897,0,0,0
1667309708183538913,0,0,0
1667309708247009038,0,0,0
1667309708308909893,0,0,0
1667309708371156930,0,0,0
1667309708433523893,0,0,0
1667309708496717929,0,0,0
1667309708558573961,0,0,0
1667309708621227979,0,0,0
1667309708683484077,0,0,0
1667309708746320009,0,0,0
1667309708808480978,0,0,0
1667309708871057033,0,0,0
1667309708996197938,0,0,0
1667309709058532953,0,0,0
1667309709121599912,0,0,0
1667309709246018886,0,0,0
1667309709308778047,0,0,0
1667309709371104001,0,0,0
1667309709433707952,0,0,0
1667309709496072053,0,0,0
1667309709558506965,0,0,0
1667309709621059894,0,0,0
1667309709684211969,0,0,0
1667309709746042013,0,0,0
1667309709808598995,0,0,0
1667309709871069908,0,0,0
1667309709933788061,0,0,0
1667309709995887041,0,0,0
1667309710059504985,0,0,0
1667309710121625900,0,0,0
1667309710183597087,0,0,0
1667309710246263027,0,0,0
1667309710308701038,0,0,0
1667309710371084928,0,0,0
1667309710433490991,0,0,0
1667309710496603012,0,0,0
1667309710558577060,0,0,0
1667309710621093034,0,0,0
1667309710683532953,0,0,0
1667309710747721910,0,0,0
1667309710808583974,0,0,0
1667309710871144056,0,0,0
1667309710933971881,0,0,0
1667309710996045112,0,0,0
1667309711058562040,0,0,0
1667309711121321916,0,0,0
1667309711183419942,0,0,0
1667309711246083974,0,0,0
1667309711308760881,0,0,0
1667309711371196031,0,0,0
1667309711433552026,0,0,0
1667309711496797084,0,0,0
1667309711558630943,0,0,0
1667309711621011972,0,0,0
1667309711683438062,0,0,0
1667309711746433973,0,0,0
1667309711808434009,0,0,0
1667309711871171951,0,0,0
1667309711933918952,0,0,0
1667309711996073007,0,0,0
1667309712058700084,0,0,0
1667309712121372938,0,0,0
1667309712183576107,0,0,0
1667309712246241092,0,0,0
1667309712308732986,0,0,0
1667309712371179103,0,0,0
1667309712433556079,0,0,0
1667309712496674060,0,0,0
1667309712558713912,0,0,0
1667309712621144056,0,0,0
1667309712683789968,0,0,0
1667309712746439933,0,0,0
1667309712808568000,0,0,0
1667309712871190071,0,0,0
1667309712933847904,0,0,0
1667309712996012926,0,0,0
1667309713058634042,0,0,0
1667309713121367931,0,0,0
1667309713183557033,0,0,0
1667309713246114969,0,0,0
1667309713310890913,0,0,0
1667309713371128082,0,0,0
1667309713433681011,0,0,0
1667309713496243000,0,0,0
1667309713558514118,0,0,0
1667309713621169090,0,0,0
1667309713683640003,0,0,0
1667309713746366977,0,0,0
1667309713808459043,0,0,0
1667309713871125936,0,0,0
1667309713934026002,0,0,0
1667309713996028900,0,0,0
1667309714059832096,0,0,0
1667309714121546030,0,0,0
1667309714183490991,0,0,0
1667309714246153116,0,0,0
1667309714308713912,0,0,0
1667309714371226072,0,0,0
1667309714433725118,0,0,0
1667309714497872114,0,0,0
1667309714560134887,0,0,0
1667309714621110916,0,0,0
1667309714683675050,0,0,0
1667309714746422052,0,0,0
1667309714808758974,0,0,0
1667309714871229887,0,0,0
1667309714934010982,0,0,0
1667309715058671951,0,0,0
1667309715121465921,0,0,0
1667309715183526992,0,0,0
1667309715308780908,0,0,0
1667309715371174097,0,0,0
1667309715433655977,0,0,0
1667309715496108055,0,0,0
1667309715621162891,0,0,0
1667309715684644937,0,0,0
1667309715746172904,0,0,0
1667309715808526992,0,0,0
1667309715933963060,0,0,0
1667309715996169090,0,0,0
1667309716121402025,0,0,0
1667309716183851957,0,0,0
1667309716246184110,0,0,0
1667309716308835029,0,0,0
1667309716433715105,0,0,0
1667309716495995998,0,0,0
1667309716621476888,0,0,0
1667309716683537960,0,0,0
1667309716746468067,0,0,0
1667309716871243953,0,0,0
1667309716937424898,0,0,0
1667309716996037006,0,0,0
1667309717058631896,0,0,0
1667309717121378898,0,0,0
1667309717183535099,0,0,0
1667309717246121883,0,0,0
1667309717308892965,0,0,0
1667309717372077941,0,0,0
1667309717433644056,0,0,0
1667309717496288061,0,0,0
1667309717559820890,0,0,0
1667309717621618986,0,0,0
1667309717683712959,0,0,0
1667309717746346950,0,0,0
1667309717808554887,0,0,0
1667309717871119976,0,0,0
1667309717934022903,0,0,0
1667309717996165037,0,0,0
1667309718058676958,0,0,0
1667309718121417999,0,0,0
1667309718183620929,0,0,0
1667309718246197938,0,0,0
1667309718308948040,0,0,0
1667309718373246908,0,0,0
1667309718433657884,0,0,0
1667309718496231079,0,0,0
1667309718558741092,0,0,0
1667309718621237993,0,0,0
1667309718683728933,0,0,0
1667309718747963905,0,0,0
1667309718808654069,0,0,0
1667309718875087022,0,0,0
1667309718934062957,0,0,0
1667309718996238946,0,0,0
1667309719060273885,0,0,0
1667309719121485948,0,0,0
1667309719183698892,0,0,0
1667309719246388912,0,0,0
1667309719308782100,0,0,0
1667309719371196985,0,0,0
1667309719433706045,0,0,0
1667309719496320962,0,0,0
1667309719559107065,0,0,0
1667309719621243000,0,0,0
1667309719685170888,0,0,0
1667309719746244907,0,0,0
1667309719808676004,0,0,0
1667309719871141910,0,0,0
1667309719933967113,0,0,0
1667309719996094942,0,0,0
1667309720058693885,0,0,0
1667309720121686935,0,0,0
1667309720183691024,0,0,0
1667309720246682882,0,0,0
1667309720309027910,0,0,0
1667309720371187925,0,0,0
1667309720434127092,0,0,0
1667309720496242046,0,0,0
1667309720558775901,0,0,0
1667309720621167898,0,0,0
1667309720683900117,0,0,0
1667309720746345996,0,0,0
1667309720808562994,0,0,0
1667309720871296882,0,0,0
1667309720934022903,0,0,0
1667309720996229887,0,0,0
1667309721058803081,0,0,0
1667309721121918916,0,0,0
1667309721183706998,0,0,0
1667309721246227979,0,0,0
1667309721309113025,0,0,0
1667309721371311902,0,0,0
1667309721433686971,0,0,0
1667309721496167898,0,0,0
1667309721559026956,0,0,0
1667309721621201038,0,0,0
1667309721683818101,0,0,0
1667309721746818065,0,0,0
1667309721808581113,0,0,0
1667309721871279954,0,0,0
1667309721934098005,0,0,0
1667309721996226072,0,0,0
1667309722058743953,0,0,0
1667309722121743917,0,0,0
1667309722183741092,0,0,0
1667309722246179103,0,0,0
1667309722308963060,0,0,0
1667309722371237039,0,0,0
1667309722433726072,0,0,0
1667309722496464014,0,0,0
1667309722558902978,0,0,0
1667309722621737003,0,0,0
1667309722683758020,0,0,0
1667309722746633052,0,0,0
1667309722808804035,0,0,0
1667309722871301889,0,0,0
1667309722934014081,0,0,0
1667309722996124029,0,0,0
1667309723058828115,0,0,0
1667309723121577978,0,0,0
1667309723183639049,0,0,0
1667309723247492074,0,0,0
1667309723309129953,0,0,0
1667309723371390104,0,0,0
1667309723433847904,0,0,0
1667309723496328115,0,0,0
1667309723558799982,0,0,0
1667309723621274948,0,0,0
1667309723684128999,0,0,0
1667309723746293067,0,0,0
1667309723808728933,0,0,0
1667309723871244907,0,0,0
1667309723934032917,0,0,0
1667309724001020908,0,0,0
1667309724058821916,0,0,0
1667309724121566057,0,0,0
1667309724183790922,0,0,0
1667309724246311902,0,0,0
1667309724309031963,0,0,0
1667309724371414899,0,0,0
1667309724435465097,0,0,0
1667309724496186971,0,0,0
1667309724558773040,0,0,0
1667309724621278047,0,0,0
1667309724683881998,0,0,0
1667309724746681928,0,0,0
1667309724808664083,0,0,0
1667309724871347904,0,0,0
1667309724934274911,0,0,0
1667309724996193885,0,0,0
1667309725058878898,0,0,0
1667309725121514081,0,0,0
1667309725183849096,0,0,0
1667309725246274948,0,0,0
1667309725308986902,0,0,0
1667309725371331930,0,0,0
1667309725438205957,0,0,0
1667309725496383905,0,0,0
1667309725563118934,0,0,0
1667309725621573925,0,0,0
1667309725684284925,0,0,0
1667309725746340990,0,0,0
1667309725808626890,0,0,0
1667309725871337890,0,0,0
1667309725934053897,0,0,0
1667309725996252059,0,0,0
1667309726058875083,0,0,0
1667309726121571063,0,0,0
1667309726183809041,0,0,0
1667309726247890949,0,0,0
1667309726308911085,0,0,0
1667309726371335029,0,0,0
1667309726433902978,0,0,0
1667309726496366977,0,0,0
1667309726558835029,0,0,0
1667309726621421098,0,0,0
1667309726687099933,0,0,0
1667309726746495962,0,0,0
1667309726808926105,0,0,0
1667309726871381044,0,0,0
1667309726934071063,0,0,0
1667309727059534072,0,0,0
1667309727121656894,0,0,0
1667309727183820009,0,0,0
1667309727309055089,0,0,0
1667309727371279001,0,0,0
1667309727435914993,0,0,0
1667309727560574054,0,0,0
1667309727621393918,0,0,0
1667309727746634006,0,0,0
1667309727808798074,0,0,0
1667309727871416091,0,0,0
1667309727996448040,0,0,0
1667309728058867931,0,0,0
1667309728121606111,0,0,0
1667309728184489965,0,0,0
1667309728309097051,0,0,0
1667309728371356964,0,0,0
1667309728433859109,0,0,0
1667309728496364116,0,0,0
1667309728561960935,0,0,0
1667309728621320962,0,0,0
1667309728684636116,0,0,0
1667309728746562004,0,0,0
1667309728808861017,0,0,0
1667309728871547937,0,0,0
1667309728934873104,0,0,0
1667309728996263980,0,0,0
1667309729058964014,0,0,0
1667309729121644973,0,0,0
1667309729184067010,0,0,0
1667309729246510028,0,0,0
1667309729309171915,0,0,0
1667309729371757984,0,0,0
1667309729433908939,0,0,0
1667309729496438026,0,0,0
1667309729559289932,0,0,0
1667309729621434926,0,0,0
1667309729683867931,0,0,0
1667309729746721982,0,0,0
1667309729808857917,0,0,0
1667309729871475934,0,0,0
1667309729934176921,0,0,0
1667309729996354103,0,0,0
1667309730058909893,0,0,0
1667309730121673107,0,0,0
1667309730183881998,0,0,0
1667309730246372938,0,0,0
1667309730309118032,0,0,0
1667309730371720075,0,0,0
1667309730434272050,0,0,0
1667309730496789932,0,0,0
1667309730558963060,0,0,0
1667309730621443033,0,0,0
1667309730683886051,0,0,0
1667309730746723890,0,0,0
1667309730808938980,0,0,0
1667309730871436119,0,0,0
1667309730934195995,0,0,0
1667309730996417045,0,0,0
1667309731058835983,0,0,0
1667309731121706962,0,0,0
1667309731183906078,0,0,0
1667309731252022027,0,0,0
1667309731309169054,0,0,0
1667309731371432065,0,0,0
1667309731434015035,0,0,0
1667309731496804952,0,0,0
1667309731558948040,0,0,0
1667309731621454954,0,0,0
1667309731685527086,0,0,0
1667309731747080087,0,0,0
1667309731808907032,0,0,0
1667309731871434926,0,0,0
1667309731934508085,0,0,0
1667309731996445894,0,0,0
1667309732059020042,0,0,0
1667309732121730089,0,0,0
1667309732183767080,0,0,0
1667309732246454954,0,0,0
1667309732309251070,0,0,0
1667309732376524925,0,0,0
1667309732433923959,0,0,0
1667309732496560096,0,0,0
1667309732559022903,0,0,0
1667309732621414899,0,0,0
1667309732683919906,0,0,0
1667309732746736049,0,0,0
1667309732808916091,0,0,0
1667309732871450901,0,0,0
1667309732934273004,0,0,0
1667309732998141050,0,0,0
1667309733060568094,0,0,0
1667309733124355077,0,0,0
1667309733183990955,0,0,0
1667309733246510982,0,0,0
1667309733309348106,0,0,0
1667309733371516942,0,0,0
1667309733433931112,0,0,0
1667309733496525049,0,0,0
1667309733559004068,0,0,0
1667309733621432065,0,0,0
1667309733684102058,0,0,0
1667309733746431112,0,0,0
1667309733808938980,0,0,0
1667309733871671915,0,0,0
1667309733934269905,0,0,0
1667309733996468067,0,0,0
1667309734058968067,0,0,0
1667309734121735095,0,0,0
1667309734183985948,0,0,0
1667309734246368885,0,0,0
1667309734309212923,0,0,0
1667309734371831893,0,0,0
1667309734433932065,0,0,0
1667309734496665000,0,0,0
1667309734559057950,0,0,0
1667309734621463060,0,0,0
1667309734684035062,0,0,0
1667309734746542930,0,0,0
1667309734809011936,0,0,0
1667309734871469020,0,0,0
1667309734934215068,0,0,0
1667309734996313095,0,0,0
1667309735059029102,0,0,0
1667309735121682882,0,0,0
1667309735183995008,0,0,0
1667309735246484041,0,0,0
1667309735309072017,0,0,0
1667309735371443033,0,0,0
1667309735434062004,0,0,0
1667309735496485948,0,0,0
1667309735559983015,0,0,0
1667309735621505975,0,0,0
1667309735684452056,0,0,0
1667309735746465921,0,0,0
1667309735808974027,0,0,0
1667309735871495008,0,0,0
1667309735934283971,0,0,0
1667309735996345043,0,0,0
1667309736059006929,0,0,0
1667309736121743917,0,0,0
1667309736185296058,0,0,0
1667309736246453046,0,0,0
1667309736309256076,0,0,0
1667309736371443033,0,0,0
1667309736433964014,0,0,0
1667309736496376991,0,0,0
1667309736559101104,0,0,0
1667309736621479988,0,0,0
1667309736684659004,0,0,0
1667309736746779918,0,0,0
1667309736808888912,0,0,0
1667309736871493101,0,0,0
1667309736934212923,0,0,0
1667309736996359109,0,0,0
1667309737059101104,0,0,0
1667309737121915102,0,0,0
1667309737183999061,0,0,0
1667309737250907897,0,0,0
1667309737309304952,0,0,0
1667309737371536970,0,0,0
1667309737434256076,0,0,0
1667309737496634006,0,0,0
1667309737563884973,0,0,0
1667309737621467113,0,0,0
1667309737687910079,0,0,0
1667309737746825933,0,0,0
1667309737809077024,0,0,0
1667309737871577978,0,0,0
1667309737935465097,0,0,0
1667309737996531009,0,0,0
1667309738059057950,0,0,0
1667309738121788024,0,0,0
1667309738184185028,0,0,0
1667309738246957063,0,0,0
1667309738310420036,0,0,0
1667309738434000015,0,0,0
1667309738501142978,0,0,0
1667309738559118986,0,0,0
1667309738621566057,0,0,0
1667309738746959924,0,0,0
1667309738808984994,0,0,0
1667309738871546030,0,0,0
1667309738996844053,0,0,0
1667309739059068918,0,0,0
1667309739121746063,0,0,0
1667309739184077024,0,0,0
1667309739309643983,0,0,0
1667309739372540950,0,0,0
1667309739433986902,0,0,0
1667309739559437036,0,0,0
1667309739621505975,0,0,0
1667309739746965885,0,0,0
1667309739809062004,0,0,0
1667309739871551036,0,0,0
1667309739997870922,0,0,0
1667309740059286117,0,0,0
1667309740123559951,0,0,0
1667309740246627092,0,0,0
1667309740309276103,0,0,0
1667309740373001098,0,0,0
1667309740434463024,0,0,0
1667309740560480117,0,0,0
1667309740621571063,0,0,0
1667309740684034109,0,0,0
1667309740747477054,0,0,0
1667309740871879100,0,0,0
1667309740934432029,0,0,0
1667309740996520042,0,0,0
1667309741122307062,0,0,0
1667309741184088945,0,0,0
1667309741246505022,0,0,0
1667309741371932983,0,0,0
1667309741434088945,0,0,0
1667309741497862100,0,0,0
1667309741621551036,0,0,0
1667309741684096097,0,0,0
1667309741746893882,0,0,0
1667309741809087038,0,0,0
1667309741934319972,0,0,0
1667309741996582984,0,0,0
1667309742059175014,0,0,0
1667309742184381961,0,0,0
1667309742249110937,0,0,0
1667309742309357881,0,0,0
1667309742434124946,0,0,0
1667309742496778964,0,0,0
1667309742559120893,0,0,0
1667309742621587038,0,0,0
1667309742746910095,0,0,0
1667309742809138059,0,0,0
1667309742871628999,0,0,0
1667309742934380054,0,0,0
1667309743059217929,0,0,0
1667309743121974945,0,0,0
1667309743184175968,0,0,0
1667309743310287952,0,0,0
1667309743371711015,0,0,0
1667309743434052944,0,0,0
1667309743496678113,0,0,0
1667309743559179067,0,0,0
1667309743621572971,0,0,0
1667309743683984041,0,0,0
1667309743747298002,0,0,0
1667309743809242010,0,0,0
1667309743871607065,0,0,0
1667309743934356927,0,0,0
1667309743996499061,0,0,0
1667309744059860944,0,0,0
1667309744121974945,0,0,0
1667309744184485912,0,0,0
1667309744246526956,0,0,0
1667309744309281110,0,0,0
1667309744371649980,0,0,0
1667309744434113979,0,0,0
1667309744497385978,0,0,0
1667309744559130907,0,0,0
1667309744621561050,0,0,0
1667309744684237003,0,0,0
1667309744746654033,0,0,0
1667309744809070110,0,0,0
1667309744871547937,0,0,0
1667309744934537887,0,0,0
1667309744996470928,0,0,0
1667309745059134006,0,0,0
1667309745122859954,0,0,0
1667309745184155941,0,0,0
1667309745246620893,0,0,0
1667309745309444904,0,0,0
1667309745371611118,0,0,0
1667309745434108972,0,0,0
1667309745496885061,0,0,0
1667309745559168100,0,0,0
1667309745621628046,0,0,0
1667309745684154987,0,0,0
1667309745747462034,0,0,0
1667309745809010982,0,0,0
1667309745871651887,0,0,0
1667309745934391975,0,0,0
1667309745996623039,0,0,0
1667309746059206962,0,0,0
1667309746121934890,0,0,0
1667309746184114933,0,0,0
1667309746246757030,0,0,0
1667309746309467077,0,0,0
1667309746371644020,0,0,0
1667309746434143066,0,0,0
1667309746496993064,0,0,0
1667309746559274911,0,0,0
1667309746621943950,0,0,0
1667309746684674024,0,0,0
1667309746746776103,0,0,0
1667309746809144020,0,0,0
1667309746871618032,0,0,0
1667309746934654951,0,0,0
1667309746996663093,0,0,0
1667309747059627056,0,0,0
1667309747122136116,0,0,0
1667309747184228897,0,0,0
1667309747246695995,0,0,0
1667309747309402942,0,0,0
1667309747371886968,0,0,0
1667309747434788942,0,0,0
1667309747496850013,0,0,0
1667309747559281110,0,0,0
1667309747621675968,0,0,0
1667309747684217929,0,0,0
1667309747747874975,0,0,0
1667309747809214115,0,0,0
1667309747871650934,0,0,0
1667309747934468984,0,0,0
1667309747996841907,0,0,0
1667309748059371948,0,0,0
1667309748122112989,0,0,0
1667309748184137105,0,0,0
1667309748246737003,0,0,0
1667309748309895038,0,0,0
1667309748371675968,0,0,0
1667309748434128046,0,0,0
1667309748497626066,0,0,0
1667309748559519052,0,0,0
1667309748621643066,0,0,0
1667309748684272050,0,0,0
1667309748746658086,0,0,0
1667309748871645927,0,0,0
1667309748934561967,0,0,0
1667309748996541023,0,0,0
1667309749121977090,0,0,0
1667309749184212923,0,0,0
1667309749246814966,0,0,0
1667309749309384107,0,0,0
1667309749435031890,0,0,0
1667309749497642993,0,0,0
1667309749559240102,0,0,0
1667309749621849060,0,0,0
1667309749747883081,0,0,0
1667309749809359073,0,0,0
1667309749874341011,0,0,0
1667309749997006893,0,0,0
1667309750059231042,0,0,0
1667309750121985912,0,0,0
1667309750246948957,0,0,0
1667309750309389114,0,0,0
1667309750434283971,0,0,0
1667309750497193098,0,0,0
1667309750621716022,0,0,0
1667309750684248924,0,0,0
1667309750746864080,0,0,0
1667309750809206008,0,0,0
1667309750935053110,0,0,0
1667309750996754884,0,0,0
1667309751059746026,0,0,0
1667309751185062885,0,0,0
1667309751247019052,0,0,0
1667309751309448003,0,0,0
1667309751434514999,0,0,0
1667309751496853113,0,0,0
1667309751559633016,0,0,0
1667309751684469938,0,0,0
1667309751747227907,0,0,0
1667309751809269905,0,0,0
1667309751934503078,0,0,0
1667309751996742963,0,0,0
1667309752060044050,0,0,0
1667309752185929059,0,0,0
1667309752246794939,0,0,0
1667309752309448003,0,0,0
1667309752372540950,0,0,0
1667309752496814966,0,0,0
1667309752559240102,0,0,0
1667309752621861934,0,0,0
1667309752747019052,0,0,0
1667309752809247016,0,0,0
1667309752934650897,0,0,0
1667309752996680021,0,0,0
1667309753125051021,0,0,0
1667309753184278011,0,0,0
1667309753246926069,0,0,0
1667309753309818029,0,0,0
1667309753371735095,0,0,0
1667309753434195995,0,0,0
1667309753496752977,0,0,0
1667309753560396909,0,0,0
1667309753621766090,0,0,0
1667309753684649944,0,0,0
1667309753747143030,0,0,0
1667309753809124946,0,0,0
1667309753871812105,0,0,0
1667309753934542894,0,0,0
1667309753996687889,0,0,0
1667309754059374094,0,0,0
1667309754122117996,0,0,0
1667309754184575080,0,0,0
1667309754246764898,0,0,0
1667309754309590101,0,0,0
1667309754372955083,0,0,0
1667309754434220075,0,0,0
1667309754496834993,0,0,0
1667309754559663057,0,0,0
1667309754621819019,0,0,0
1667309754684808015,0,0,0
1667309754746783018,0,0,0
1667309754809211969,0,0,0
1667309754872117996,0,0,0
1667309754934628009,0,0,0
1667309754996776103,0,0,0
1667309755059292078,0,0,0
1667309755122006893,0,0,0
1667309755184279918,0,0,0
1667309755246819972,0,0,0
1667309755309640884,0,0,0
1667309755371818065,0,0,0
1667309755434340953,0,0,0
1667309755496747016,0,0,0
1667309755559578895,0,0,0
1667309755621767997,0,0,0
1667309755684375047,0,0,0
1667309755746881961,0,0,0
1667309755809284925,0,0,0
1667309755871814012,0,0,0
1667309755934545993,0,0,0
1667309755996810913,0,0,0
1667309756059299945,0,0,0
1667309756122119903,0,0,0
1667309756184551000,0,0,0
1667309756246831893,0,0,0
1667309756309525012,0,0,0
1667309756375345945,0,0,0
1667309756434725999,0,0,0
1667309756496881961,0,0,0
1667309756559345006,0,0,0
1667309756624970912,0,0,0
1667309756684438943,0,0,0
1667309756746855974,0,0,0
1667309756809273958,0,0,0
1667309756871855020,0,0,0
1667309756934705018,0,0,0
1667309756996812105,0,0,0
1667309757059262990,0,0,0
1667309757122075080,0,0,0
1667309757184381008,0,0,0
1667309757246920108,0,0,0
1667309757309573888,0,0,0
1667309757371840000,0,0,0
1667309757434422016,0,0,0
1667309757496962070,0,0,0
1667309757559732913,0,0,0
1667309757622920989,0,0,0
1667309757686929941,0,0,0
1667309757746889114,0,0,0
1667309757809335947,0,0,0
1667309757875205039,0,0,0
1667309757934937000,0,0,0
1667309757996819972,0,0,0
1667309758059823036,0,0,0
1667309758122148990,0,0,0
1667309758184468984,0,0,0
1667309758246952056,0,0,0
1667309758309776067,0,0,0
1667309758371831893,0,0,0
1667309758434350967,0,0,0
1667309758497328996,0,0,0
1667309758559660911,0,0,0
1667309758621901035,0,0,0
1667309758684566020,0,0,0
1667309758747092962,0,0,0
1667309758809369087,0,0,0
1667309758872263908,0,0,0
1667309758935045957,0,0,0
1667309758996843099,0,0,0
1667309759059454917,0,0,0
1667309759122164011,0,0,0
1667309759184945106,0,0,0
1667309759246948957,0,0,0
1667309759309725046,0,0,0
1667309759371953964,0,0,0
1667309759435203075,0,0,0
1667309759498399972,0,0,0
1667309759559463977,0,0,0
1667309759622262954,0,0,0
1667309759684611082,0,0,0
1667309759747034072,0,0,0
1667309759809451103,0,0,0
1667309759875395059,0,0,0
1667309759934778928,0,0,0
1667309759996887922,0,0,0
1667309760059446096,0,0,0
1667309760122176885,0,0,0
1667309760185796022,0,0,0
1667309760246932029,0,0,0
1667309760309624910,0,0,0
1667309760371843099,0,0,0
1667309760434494018,0,0,0
1667309760497081995,0,0,0
1667309760559477090,0,0,0
1667309760621953964,0,0,0
1667309760684557914,0,0,0
1667309760746947050,0,0,0
1667309760809442996,0,0,0
1667309760873892068,0,0,0
1667309760935249090,0,0,0
1667309760996897935,0,0,0
1667309761059408903,0,0,0
1667309761122189998,0,0,0
1667309761184447050,0,0,0
1667309761246973037,0,0,0
1667309761309648990,0,0,0
1667309761372028112,0,0,0
1667309761434447050,0,0,0
1667309761497458934,0,0,0
1667309761559417009,0,0,0
1667309761622082948,0,0,0
1667309761684418916,0,0,0
1667309761747313976,0,0,0
1667309761809524059,0,0,0
1667309761871923923,0,0,0
1667309761934833049,0,0,0
1667309761997059106,0,0,0
1667309762059402942,0,0,0
1667309762122217893,0,0,0
1667309762184458017,0,0,0
1667309762246948957,0,0,0
1667309762309694051,0,0,0
1667309762373049020,0,0,0
1667309762434487104,0,0,0
1667309762497212886,0,0,0
1667309762559401988,0,0,0
1667309762621903896,0,0,0
1667309762684756040,0,0,0
1667309762747157096,0,0,0
1667309762809483051,0,0,0
1667309762872221946,0,0,0
1667309762934715986,0,0,0
1667309762996972084,0,0,0
1667309763059441089,0,0,0
1667309763122231006,0,0,0
1667309763184422969,0,0,0
1667309763247097015,0,0,0
1667309763310954093,0,0,0
1667309763371975898,0,0,0
1667309763434417963,0,0,0
1667309763497179985,0,0,0
1667309763560400962,0,0,0
1667309763621987104,0,0,0
1667309763685055971,0,0,0
1667309763746951103,0,0,0
1667309763809389114,0,0,0
1667309763872148990,0,0,0
1667309763935008049,0,0,0
1667309764000555992,0,0,0
1667309764060888051,0,0,0
1667309764122392892,0,0,0
1667309764184457063,0,0,0
1667309764246967077,0,0,0
1667309764309760093,0,0,0
1667309764374383926,0,0,0
1667309764434451103,0,0,0
1667309764497140884,0,0,0
1667309764559900045,0,0,0
1667309764621911048,0,0,0
1667309764684607028,0,0,0
1667309764747019052,0,0,0
1667309764809485912,0,0,0
1667309764871962070,0,0,0
1667309764934811115,0,0,0
1667309764996900081,0,0,0
1667309765059506893,0,0,0
1667309765122389078,0,0,0
1667309765184453964,0,0,0
1667309765247801065,0,0,0
1667309765309684038,0,0,0
1667309765371920108,0,0,0
1667309765434406995,0,0,0
1667309765496870994,0,0,0
1667309765560220956,0,0,0
1667309765622147083,0,0,0
1667309765684717893,0,0,0
1667309765746946096,0,0,0
1667309765809348106,0,0,0
1667309765871860980,0,0,0
1667309765934770107,0,0,0
1667309765996854066,0,0,0
1667309766059731006,0,0,0
1667309766122204065,0,0,0
1667309766184483051,0,0,0
1667309766246979951,0,0,0
1667309766309741973,0,0,0
1667309766371974945,0,0,0
1667309766434437036,0,0,0
1667309766498007059,0,0,0
1667309766560409069,0,0,0
1667309766621954917,0,0,0
1667309766684640884,0,0,0
1667309766746936082,0,0,0
1667309766809421062,0,0,0
1667309766871948957,0,0,0
1667309766934743881,0,0,0
1667309766996896982,0,0,0
1667309767059417009,0,0,0
1667309767122236013,0,0,0
1667309767184449911,0,0,0
1667309767247102975,0,0,0
1667309767309585094,0,0,0
1667309767372093915,0,0,0
1667309767434679031,0,0,0
1667309767497014999,0,0,0
1667309767559417963,0,0,0
1667309767622045040,0,0,0
1667309767684587955,0,0,0
1667309767746975898,0,0,0
1667309767809396982,0,0,0
1667309767872090101,0,0,0
1667309767934768915,0,0,0
1667309767996995925,0,0,0
1667309768059551000,0,0,0
1667309768122366905,0,0,0
1667309768184573888,0,0,0
1667309768247117042,0,0,0
1667309768309676885,0,0,0
1667309768376899003,0,0,0
1667309768434458971,0,0,0
1667309768497098922,0,0,0
1667309768559415102,0,0,0
1667309768622034072,0,0,0
1667309768684631109,0,0,0
1667309768747306108,0,0,0
1667309768809526920,0,0,0
1667309768872817039,0,0,0
1667309768934932947,0,0,0
1667309768997138977,0,0,0
1667309769059489011,0,0,0
1667309769122224092,0,0,0
1667309769184583902,0,0,0
1667309769253475904,0,0,0
1667309769309776067,0,0,0
1667309769375332117,0,0,0
1667309769498377084,0,0,0
1667309769559542894,0,0,0
1667309769622227907,0,0,0
1667309769685283899,0,0,0
1667309769809375047,0,0,0
1667309769871912002,0,0,0
1667309769934793949,0,0,0
1667309770059537887,0,0,0
1667309770122253894,0,0,0
1667309770247031927,0,0,0
1667309770309720993,0,0,0
1667309770372292041,0,0,0
1667309770497100114,0,0,0
1667309770559638977,0,0,0
1667309770622062921,0,0,0
1667309770747301101,0,0,0
1667309770809468030,0,0,0
1667309770872111082,0,0,0
1667309770935148000,0,0,0
1667309771059483051,0,0,0
1667309771122675895,0,0,0
1667309771188088893,0,0,0
1667309771309650897,0,0,0
1667309771372134923,0,0,0
1667309771435571908,0,0,0
1667309771560144901,0,0,0
1667309771622179985,0,0,0
1667309771684813022,0,0,0
1667309771747036933,0,0,0
1667309771872162103,0,0,0
1667309771934954881,0,0,0
1667309771997040987,0,0,0
1667309772059701919,0,0,0
1667309772184828042,0,0,0
1667309772247179031,0,0,0
1667309772309658050,0,0,0
1667309772438261032,0,0,0
1667309772497606992,0,0,0
1667309772559587955,0,0,0
1667309772687304019,0,0,0
1667309772747637987,0,0,0
1667309772872834920,0,0,0
1667309772934972047,0,0,0
1667309772997138977,0,0,0
1667309773125041961,0,0,0
1667309773184639930,0,0,0
1667309773247127056,0,0,0
1667309773309808015,0,0,0
1667309773434557914,0,0,0
1667309773497775077,0,0,0
1667309773559743881,0,0,0
1667309773684756994,0,0,0
1667309773747067928,0,0,0
1667309773872984886,0,0,0
1667309773934916973,0,0,0
1667309773997086048,0,0,0
1667309774122338056,0,0,0
1667309774184571027,0,0,0
1667309774247088909,0,0,0
1667309774372328996,0,0,0
1667309774434669971,0,0,0
1667309774497498989,0,0,0
1667309774622100114,0,0,0
1667309774685265064,0,0,0
1667309774747165918,0,0,0
1667309774871994018,0,0,0
1667309774934976100,0,0,0
1667309774997117996,0,0,0
1667309775059653043,0,0,0
1667309775184942007,0,0,0
1667309775247133016,0,0,0
1667309775309947967,0,0,0
1667309775434546947,0,0,0
1667309775497159957,0,0,0
1667309775559619903,0,0,0
1667309775622512102,0,0,0
1667309775747493982,0,0,0
1667309775809490919,0,0,0
1667309775873574018,0,0,0
1667309775934974908,0,0,0
1667309775997188091,0,0,0
1667309776059546947,0,0,0
1667309776122472047,0,0,0
1667309776184675931,0,0,0
1667309776247040987,0,0,0
1667309776313545942,0,0,0
1667309776372154951,0,0,0
1667309776434648036,0,0,0
1667309776497208118,0,0,0
1667309776559705972,0,0,0
1667309776622196912,0,0,0
1667309776685152053,0,0,0
1667309776747184991,0,0,0
1667309776809669971,0,0,0
1667309776872721910,0,0,0
1667309776935126066,0,0,0
1667309776997168064,0,0,0
1667309777063702106,0,0,0
1667309777123114109,0,0,0
1667309777184609889,0,0,0
1667309777247143983,0,0,0
1667309777309947013,0,0,0
1667309777372256994,0,0,0
1667309777434709072,0,0,0
1667309777497720956,0,0,0
1667309777564568996,0,0,0
1667309777622806072,0,0,0
1667309777684883117,0,0,0
1667309777747445106,0,0,0
1667309777809617996,0,0,0
1667309777872138977,0,0,0
1667309777937344074,0,0,0
1667309777997176885,0,0,0
1667309778059658050,0,0,0
1667309778122448921,0,0,0
1667309778184659004,0,0,0
1667309778248033046,0,0,0
1667309778310853004,0,0,0
1667309778372241973,0,0,0
1667309778434736013,0,0,0
1667309778497425079,0,0,0
1667309778559639930,0,0,0
1667309778622834920,0,0,0
1667309778685075044,0,0,0
1667309778747370958,0,0,0
1667309778809690952,0,0,0
1667309778872306108,0,0,0
1667309778935040950,0,0,0
1667309778997071027,0,0,0
1667309779059834957,0,0,0
1667309779122442960,0,0,0
1667309779185249090,0,0,0
1667309779247237920,0,0,0
1667309779309914112,0,0,0
1667309779372252941,0,0,0
1667309779434909105,0,0,0
1667309779497853994,0,0,0
1667309779559844970,0,0,0
1667309779622128963,0,0,0
1667309779684828042,0,0,0
1667309779747548103,0,0,0
1667309779809551000,0,0,0
1667309779872189998,0,0,0
1667309779935034990,0,0,0
1667309779997209072,0,0,0
1667309780059667110,0,0,0
1667309780122416973,0,0,0
1667309780184606075,0,0,0
1667309780247376918,0,0,0
1667309780310038089,0,0,0
1667309780372765064,0,0,0
1667309780435269117,0,0,0
1667309780497481107,0,0,0
1667309780559736967,0,0,0
1667309780622175931,0,0,0
1667309780684942007,0,0,0
1667309780749828100,0,0,0
1667309780809760093,0,0,0
1667309780872222900,0,0,0
1667309780935220956,0,0,0
1667309780997317075,0,0,0
1667309781061053037,0,0,0
1667309781122554063,0,0,0
1667309781184931039,0,0,0
1667309781247123003,0,0,0
1667309781311233997,0,0,0
1667309781372299909,0,0,0
1667309781434840917,0,0,0
1667309781560041904,0,0,0
1667309781622365951,0,0,0
1667309781684727907,0,0,0
1667309781810231924,0,0,0
1667309781872232913,0,0,0
1667309781935189008,0,0,0
1667309782059742927,0,0,0
1667309782122549057,0,0,0
1667309782184587955,0,0,0
1667309782247350931,0,0,0
1667309782372546911,0,0,0
1667309782434740066,0,0,0
1667309782499511957,0,0,0
1667309782563478946,0,0,0
1667309782685842037,0,0,0
1667309782747348070,0,0,0
1667309782809591054,0,0,0
1667309782872176885,0,0,0
1667309782997379064,0,0,0
1667309783063142061,0,0,0
1667309783185468912,0,0,0
1667309783247272014,0,0,0
1667309783310022115,0,0,0
1667309783434798002,0,0,0
1667309783497860908,0,0,0
1667309783559755086,0,0,0
1667309783684753894,0,0,0
1667309783747541904,0,0,0
1667309783872267007,0,0,0
1667309783935111999,0,0,0
1667309783997242927,0,0,0
1667309784124572992,0,0,0
1667309784184690952,0,0,0
1667309784247371912,0,0,0
1667309784372544050,0,0,0
1667309784435015916,0,0,0
1667309784560621976,0,0,0
1667309784622251033,0,0,0
1667309784685033082,0,0,0
1667309784809617996,0,0,0
1667309784872425079,0,0,0
1667309784935113906,0,0,0
1667309785059789896,0,0,0
